"annotation_id","annotator","choice","created_at","id","image","lead_time","updated_at"
3615,"1","Very Low","2024-01-18T22:28:48.141115Z",3080,"images/61fc8a7d-578_1600_1600.png",8.626,"2024-01-18T22:28:48.141115Z"
3616,"1","High","2024-01-18T22:28:54.176795Z",3081,"images/4278ef08-592_0_0.png",5.809,"2024-01-18T22:28:54.176795Z"
3617,"1","Low","2024-01-18T22:28:59.837955Z",3082,"images/e7e916ce-592_0_800.png",5.44,"2024-01-18T22:28:59.837955Z"
3618,"1","Very Low","2024-01-18T22:29:02.130852Z",3083,"images/51d465ee-592_0_1600.png",2.072,"2024-01-18T22:29:02.130852Z"
3619,"1","Very High","2024-01-18T22:29:05.087226Z",3084,"images/f357ed3e-592_800_0.png",2.734,"2024-01-18T22:29:05.087226Z"
3620,"1","Low","2024-01-18T22:29:08.907746Z",3085,"images/083c2a48-592_800_800.png",3.606,"2024-01-18T22:29:08.907746Z"
3621,"1","Medium","2024-01-18T22:29:14.590816Z",3086,"images/c9e4a316-592_800_1600.png",5.466,"2024-01-18T22:29:14.590816Z"
3622,"1","Low","2024-01-18T22:29:18.763601Z",3087,"images/e81ff1b5-592_1600_0.png",3.961,"2024-01-18T22:29:18.763601Z"
3623,"1","Medium","2024-01-18T22:29:22.338796Z",3088,"images/cbfbf462-592_1600_800.png",3.363,"2024-01-18T22:29:22.338796Z"
3624,"1","High","2024-01-18T22:29:24.612024Z",3089,"images/6aad8700-592_1600_1600.png",2.054,"2024-01-18T22:29:24.612024Z"
3625,"1","Very Low","2024-01-18T22:29:28.119118Z",3090,"images/8d9ad39a-11_0_0.png",3.282,"2024-01-18T22:29:28.119118Z"
3626,"1","Low","2024-01-18T22:29:29.859831Z",3091,"images/24d90fec-11_0_800.png",1.523,"2024-01-18T22:29:29.859831Z"
3627,"1","Very Low","2024-01-18T22:29:31.563919Z",3092,"images/e4392b94-11_0_1600.png",1.49,"2024-01-18T22:29:31.563919Z"
3628,"1","Very Low","2024-01-18T22:29:33.412273Z",3093,"images/b89dc268-11_0_2400.png",1.631,"2024-01-18T22:29:33.412273Z"
3629,"1","Very Low","2024-01-18T22:29:34.723254Z",3094,"images/dd57e32f-11_0_3200.png",1.084,"2024-01-18T22:29:34.723254Z"
3630,"1","Very Low","2024-01-18T22:29:36.930626Z",3095,"images/626254cf-11_800_0.png",1.992,"2024-01-18T22:29:36.930626Z"
3631,"1","Very Low","2024-01-18T22:29:38.164799Z",3096,"images/42254005-11_800_800.png",1.021,"2024-01-18T22:29:38.164799Z"
3632,"1","Very Low","2024-01-18T22:29:39.748192Z",3097,"images/2b5bdd75-11_800_1600.png",1.371,"2024-01-18T22:29:39.748192Z"
3633,"1","Very Low","2024-01-18T22:29:41.618791Z",3098,"images/7b866f26-11_800_2400.png",1.658,"2024-01-18T22:29:41.618791Z"
3634,"1","Very Low","2024-01-18T22:29:43.114325Z",3099,"images/0f48aa60-11_800_3200.png",1.282,"2024-01-18T22:29:43.114325Z"
3635,"1","Very Low","2024-01-18T22:29:44.268530Z",3100,"images/7846e734-11_1600_0.png",0.955,"2024-01-18T22:29:44.268530Z"
3636,"1","Very Low","2024-01-18T22:29:45.612551Z",3101,"images/bd460b5b-11_1600_800.png",1.136,"2024-01-18T22:29:45.612551Z"
3637,"1","Very Low","2024-01-18T22:29:48.216819Z",3102,"images/f8e80152-11_1600_1600.png",2.388,"2024-01-18T22:29:48.216819Z"
3638,"1","Very Low","2024-01-18T22:29:49.742289Z",3103,"images/74bcc40f-11_1600_2400.png",1.309,"2024-01-18T22:29:49.742289Z"
3639,"1","Very Low","2024-01-18T22:29:51.597267Z",3104,"images/ea547b6e-11_1600_3200.png",1.641,"2024-01-18T22:29:51.597267Z"
3640,"1","Very Low","2024-01-18T22:29:53.236158Z",3105,"images/ff3ebd14-12_0_0.png",1.426,"2024-01-18T22:29:53.236158Z"
3641,"1","Low","2024-01-18T22:29:55.003684Z",3106,"images/9ebc1ea9-12_0_800.png",1.558,"2024-01-18T22:29:55.003684Z"
3642,"1","Low","2024-01-18T22:29:59.388731Z",3107,"images/a5b0c560-12_0_1600.png",4.178,"2024-01-18T22:29:59.388731Z"
3643,"1","Very Low","2024-01-18T22:30:00.771857Z",3108,"images/125eed77-12_0_2400.png",1.166,"2024-01-18T22:30:00.771857Z"
3644,"1","Very Low","2024-01-18T22:30:02.091013Z",3109,"images/5dad0790-12_0_3200.png",1.108,"2024-01-18T22:30:02.091013Z"
3645,"1","Very Low","2024-01-18T22:30:03.587956Z",3110,"images/5f1a7716-12_800_0.png",1.277,"2024-01-18T22:30:03.587956Z"
3646,"1","Very Low","2024-01-18T22:30:05.235636Z",3111,"images/42d70ac5-12_800_800.png",1.423,"2024-01-18T22:30:05.235636Z"
3647,"1","Very Low","2024-01-18T22:30:06.958798Z",3112,"images/edbd85e0-12_800_1600.png",1.487,"2024-01-18T22:30:06.958798Z"
3648,"1","Very Low","2024-01-18T22:30:08.210579Z",3113,"images/810c51f9-12_800_2400.png",1.045,"2024-01-18T22:30:08.210579Z"
3649,"1","Very Low","2024-01-18T22:30:09.828844Z",3114,"images/27f7d422-12_800_3200.png",1.406,"2024-01-18T22:30:09.829840Z"
3650,"1","Very Low","2024-01-18T22:30:11.369395Z",3115,"images/c27cf047-12_1600_0.png",1.336,"2024-01-18T22:30:11.369395Z"
3651,"1","Very Low","2024-01-18T22:30:12.748503Z",3116,"images/aa9e239c-12_1600_800.png",1.165,"2024-01-18T22:30:12.748503Z"
3652,"1","Very Low","2024-01-18T22:30:14.148364Z",3117,"images/857b23b2-12_1600_1600.png",1.178,"2024-01-18T22:30:14.148364Z"
3653,"1","Very Low","2024-01-18T22:30:15.428959Z",3118,"images/d6cc8331-12_1600_2400.png",1.078,"2024-01-18T22:30:15.428959Z"
3654,"1","Very Low","2024-01-18T22:30:16.988470Z",3119,"images/f8febbdf-12_1600_3200.png",1.34,"2024-01-18T22:30:16.988470Z"
3655,"1","Very Low","2024-01-18T22:30:18.532080Z",3120,"images/93199bdc-35_0_0.png",1.325,"2024-01-18T22:30:18.532080Z"
3656,"1","Very Low","2024-01-18T22:30:20.326883Z",3121,"images/6baa899d-35_0_800.png",1.592,"2024-01-18T22:30:20.326883Z"
3657,"1","Very Low","2024-01-18T22:30:21.565827Z",3122,"images/5bda0f6a-35_0_1600.png",1.033,"2024-01-18T22:30:21.565827Z"
3658,"1","Very Low","2024-01-18T22:30:22.875656Z",3123,"images/7fb8ebf4-35_800_0.png",1.104,"2024-01-18T22:30:22.875656Z"
3659,"1","Very Low","2024-01-18T22:30:24.092312Z",3124,"images/4d2c2122-35_800_800.png",1.002,"2024-01-18T22:30:24.092312Z"
3660,"1","Very Low","2024-01-18T22:30:25.369700Z",3125,"images/7c9099ba-35_800_1600.png",1.075,"2024-01-18T22:30:25.369700Z"
3661,"1","Very Low","2024-01-18T22:30:26.618699Z",3126,"images/b0c8d5f1-35_1600_0.png",1.024,"2024-01-18T22:30:26.618699Z"
3662,"1","Very Low","2024-01-18T22:30:29.075412Z",3127,"images/10d3dd2f-35_1600_800.png",2.241,"2024-01-18T22:30:29.075412Z"
3663,"1","Medium","2024-01-18T22:30:33.143409Z",3128,"images/b9b9d4ef-35_1600_1600.png",3.845,"2024-01-18T22:30:33.143409Z"
3664,"1","Very Low","2024-01-18T22:30:34.980720Z",3129,"images/ab1e2f67-327_0_0.png",1.599,"2024-01-18T22:30:34.980720Z"
3665,"1","Very Low","2024-01-18T22:30:36.323963Z",3130,"images/934f67f4-327_0_800.png",1.099,"2024-01-18T22:30:36.323963Z"
3666,"1","Very Low","2024-01-18T22:30:38.834251Z",3131,"images/fdf14526-327_0_1600.png",2.296,"2024-01-18T22:30:38.834251Z"
3668,"1","Very Low","2024-01-18T22:30:43.705346Z",3133,"images/7781a8a1-327_800_800.png",2.486,"2024-01-18T22:30:43.705346Z"
3669,"1","Very Low","2024-01-18T22:30:45.028429Z",3134,"images/8ae3ac3c-327_800_1600.png",0.981,"2024-01-18T22:30:45.028429Z"
3670,"1","Medium","2024-01-18T22:30:48.498939Z",3135,"images/654ab264-327_1600_0.png",3.243,"2024-01-18T22:30:48.498939Z"
3671,"1","Very Low","2024-01-18T22:30:50.794582Z",3136,"images/9373449c-327_1600_800.png",2.082,"2024-01-18T22:30:50.794582Z"
3672,"1","Very Low","2024-01-18T22:30:51.896862Z",3137,"images/68d6b2d8-327_1600_1600.png",0.83,"2024-01-18T22:30:51.896862Z"
3673,"1","High","2024-01-18T22:30:54.020789Z",3138,"images/d2c23d10-332_0_0.png",1.896,"2024-01-18T22:30:54.020789Z"
3674,"1","Very Low","2024-01-18T22:30:55.619563Z",3139,"images/4899b523-332_0_800.png",1.381,"2024-01-18T22:30:55.619563Z"
3675,"1","Very Low","2024-01-18T22:30:57.133074Z",3140,"images/0a279be4-332_0_1600.png",1.289,"2024-01-18T22:30:57.133074Z"
3676,"1","Low","2024-01-18T22:31:05.374482Z",3141,"images/c4de6d95-332_800_0.png",8.026,"2024-01-18T22:31:05.374482Z"
3677,"1","Very Low","2024-01-18T22:31:07.045095Z",3142,"images/7f733e5d-332_800_800.png",1.445,"2024-01-18T22:31:07.045095Z"
3678,"1","Very Low","2024-01-18T22:31:08.308128Z",3143,"images/04afc54b-332_800_1600.png",1.045,"2024-01-18T22:31:08.308128Z"
3679,"1","Very Low","2024-01-18T22:31:09.499642Z",3144,"images/2112480e-332_1600_0.png",0.975,"2024-01-18T22:31:09.499642Z"
3680,"1","Very Low","2024-01-18T22:31:10.844641Z",3145,"images/40a73245-332_1600_800.png",1.131,"2024-01-18T22:31:10.844641Z"
3681,"1","Very Low","2024-01-18T22:31:12.299732Z",3146,"images/7c84c9bf-332_1600_1600.png",1.241,"2024-01-18T22:31:12.299732Z"
3682,"1","Low","2024-01-18T22:31:15.002321Z",3147,"images/4d4a085a-530_0_0.png",2.479,"2024-01-18T22:31:15.003318Z"
3683,"1","Medium","2024-01-18T22:31:17.154815Z",3148,"images/ed04029b-530_0_800.png",1.939,"2024-01-18T22:31:17.154815Z"
3684,"1","Medium","2024-01-18T22:31:18.595582Z",3149,"images/0194ecfa-530_0_1600.png",1.233,"2024-01-18T22:31:18.595582Z"
3685,"1","Medium","2024-01-18T22:31:20.075177Z",3150,"images/19c07cf4-530_800_0.png",1.279,"2024-01-18T22:31:20.075177Z"
3686,"1","Medium","2024-01-18T22:31:21.427028Z",3151,"images/868c9796-530_800_800.png",1.155,"2024-01-18T22:31:21.427028Z"
3687,"1","Medium","2024-01-18T22:31:23.066715Z",3152,"images/6e1365e3-530_800_1600.png",1.433,"2024-01-18T22:31:23.066715Z"
3688,"1","Medium","2024-01-18T22:31:24.556609Z",3153,"images/a2772e86-530_1600_0.png",1.262,"2024-01-18T22:31:24.556609Z"
3689,"1","Very Low","2024-01-18T22:31:27.475937Z",3154,"images/c4dbe19a-530_1600_800.png",2.707,"2024-01-18T22:31:27.475937Z"
3690,"1","Very Low","2024-01-18T22:31:28.829011Z",3155,"images/cd3baa02-530_1600_1600.png",1.134,"2024-01-18T22:31:28.829011Z"
3691,"1","Very Low","2024-01-18T22:31:30.092631Z",3156,"images/0733a11c-554_0_0.png",1.02,"2024-01-18T22:31:30.092631Z"
3692,"1","Very Low","2024-01-18T22:31:31.371824Z",3157,"images/45c25461-554_0_800.png",1.047,"2024-01-18T22:31:31.371824Z"
3693,"1","Medium","2024-01-18T22:31:34.476496Z",3158,"images/83a4da0e-554_0_1600.png",2.886,"2024-01-18T22:31:34.476496Z"
3694,"1","Medium","2024-01-18T22:31:36.907673Z",3159,"images/49244327-554_800_0.png",2.216,"2024-01-18T22:31:36.907673Z"
3695,"1","Medium","2024-01-18T22:31:38.398256Z",3160,"images/ccea37f6-554_800_800.png",1.27,"2024-01-18T22:31:38.398256Z"
3696,"1","Medium","2024-01-18T22:31:40.532842Z",3161,"images/b6e47d81-554_800_1600.png",1.91,"2024-01-18T22:31:40.532842Z"
3697,"1","Very Low","2024-01-18T22:31:42.146356Z",3162,"images/880e3694-554_1600_0.png",1.406,"2024-01-18T22:31:42.146356Z"
3698,"1","Very Low","2024-01-18T22:31:44.700238Z",3163,"images/18af86c8-554_1600_800.png",2.343,"2024-01-18T22:31:44.700238Z"
3699,"1","Very Low","2024-01-18T22:31:46.291293Z",3164,"images/8aeea944-554_1600_1600.png",1.386,"2024-01-18T22:31:46.291293Z"
3700,"1","Very Low","2024-01-18T22:31:47.740058Z",3165,"images/7c91124f-578_0_0.png",1.238,"2024-01-18T22:31:47.740058Z"
3701,"1","Very Low","2024-01-18T22:31:49.435560Z",3166,"images/7075ed11-578_0_800.png",1.47,"2024-01-18T22:31:49.435560Z"
3702,"1","Very Low","2024-01-18T22:31:51.021859Z",3167,"images/6f8fb0a8-578_0_1600.png",1.345,"2024-01-18T22:31:51.021859Z"
3703,"1","Very Low","2024-01-18T22:31:52.388533Z",3168,"images/69adcc2b-578_800_0.png",1.166,"2024-01-18T22:31:52.388533Z"
3704,"1","Very Low","2024-01-18T22:31:54.116015Z",3169,"images/8f2b3f91-578_800_800.png",1.505,"2024-01-18T22:31:54.116015Z"
3705,"1","Very Low","2024-01-18T22:32:01.366616Z",3170,"images/317f84e5-578_800_1600.png",7.038,"2024-01-18T22:32:01.366616Z"
3706,"1","High","2024-01-18T22:32:03.796494Z",3171,"images/b7dfd87b-578_1600_0.png",2.212,"2024-01-18T22:32:03.796494Z"
3707,"1","Very Low","2024-01-18T22:32:05.767903Z",3172,"images/ae12134c-578_1600_800.png",1.733,"2024-01-18T22:32:05.767903Z"
3708,"1","Very High","2024-01-18T22:32:07.717776Z",3173,"images/132759d7-676_800_800.png",1.731,"2024-01-18T22:32:07.717776Z"
3709,"1","Very High","2024-01-18T22:32:09.175764Z",3174,"images/0102d367-676_800_1600.png",1.218,"2024-01-18T22:32:09.175764Z"
3710,"1","Very High","2024-01-18T22:32:10.571878Z",3175,"images/6f8ef44e-676_1600_0.png",1.153,"2024-01-18T22:32:10.571878Z"
3711,"1","High","2024-01-18T22:32:13.363356Z",3176,"images/e630779e-676_1600_800.png",2.561,"2024-01-18T22:32:13.363356Z"
3712,"1","Low","2024-01-18T22:32:17.347730Z",3177,"images/4a3aac2f-676_1600_1600.png",3.751,"2024-01-18T22:32:17.347730Z"
3713,"1","Very Low","2024-01-18T22:32:19.294489Z",3178,"images/d81843d1-628_0_0.png",1.727,"2024-01-18T22:32:19.294489Z"
3714,"1","Very Low","2024-01-18T22:32:20.701213Z",3179,"images/a171c66a-628_0_800.png",1.181,"2024-01-18T22:32:20.701213Z"
3715,"1","Very Low","2024-01-18T22:32:22.506934Z",3180,"images/81609312-628_0_1600.png",1.569,"2024-01-18T22:32:22.506934Z"
3716,"1","Low","2024-01-18T22:32:24.304206Z",3181,"images/74cbc5b0-628_800_0.png",1.576,"2024-01-18T22:32:24.304206Z"
3717,"1","Low","2024-01-18T22:32:26.635745Z",3182,"images/c2777b6a-628_800_800.png",2.113,"2024-01-18T22:32:26.635745Z"
3718,"1","Very Low","2024-01-18T22:32:28.678371Z",3183,"images/750f9e0b-628_800_1600.png",1.817,"2024-01-18T22:32:28.678371Z"
3719,"1","Very Low","2024-01-18T22:32:29.965472Z",3184,"images/82cdf937-628_1600_0.png",1.066,"2024-01-18T22:32:29.965472Z"
3720,"1","Very Low","2024-01-18T22:32:31.436475Z",3185,"images/39002ed5-628_1600_800.png",1.226,"2024-01-18T22:32:31.436475Z"
3721,"1","Very Low","2024-01-18T22:32:32.765701Z",3186,"images/5d646f2b-628_1600_1600.png",1.121,"2024-01-18T22:32:32.765701Z"
3722,"1","Very Low","2024-01-18T22:32:35.625505Z",3187,"images/a7b73f70-631_0_0.png",2.629,"2024-01-18T22:32:35.625505Z"
3723,"1","High","2024-01-18T22:32:37.683616Z",3188,"images/939c5e06-631_0_800.png",1.824,"2024-01-18T22:32:37.683616Z"
3724,"1","High","2024-01-18T22:32:39.748963Z",3189,"images/5d9959a0-631_0_1600.png",1.847,"2024-01-18T22:32:39.748963Z"
3725,"1","Medium","2024-01-18T22:32:41.724197Z",3190,"images/51e6859e-631_800_0.png",1.722,"2024-01-18T22:32:41.724197Z"
3726,"1","Medium","2024-01-18T22:32:43.916426Z",3191,"images/fe1bb27d-631_800_800.png",1.963,"2024-01-18T22:32:43.916426Z"
3727,"1","Medium","2024-01-18T22:32:46.386745Z",3192,"images/ae706e77-631_800_1600.png",2.262,"2024-01-18T22:32:46.386745Z"
3728,"1","Low","2024-01-18T22:32:48.364444Z",3193,"images/48645594-631_1600_0.png",1.769,"2024-01-18T22:32:48.364444Z"
3729,"1","Very Low","2024-01-18T22:32:49.765292Z",3194,"images/8a2dbb4c-631_1600_800.png",1.185,"2024-01-18T22:32:49.765292Z"
3730,"1","Very Low","2024-01-18T22:32:51.363753Z",3195,"images/e3fbd475-631_1600_1600.png",1.381,"2024-01-18T22:32:51.363753Z"
3731,"1","Very High","2024-01-18T22:32:53.455448Z",3196,"images/4ba99d5e-632_0_0.png",1.88,"2024-01-18T22:32:53.455448Z"
3732,"1","High","2024-01-18T22:32:55.315634Z",3197,"images/bbb4443f-632_0_800.png",1.643,"2024-01-18T22:32:55.315634Z"
3733,"1","Low","2024-01-18T22:32:57.965702Z",3198,"images/13c9b839-632_0_1600.png",2.416,"2024-01-18T22:32:57.965702Z"
3734,"1","Very High","2024-01-18T22:32:59.614192Z",3199,"images/78e37cfd-632_800_0.png",1.394,"2024-01-18T22:32:59.614192Z"
3735,"1","Very High","2024-01-18T22:33:01.187694Z",3200,"images/bc196834-632_800_800.png",1.294,"2024-01-18T22:33:01.187694Z"
3736,"1","High","2024-01-18T22:33:03.499966Z",3201,"images/716dda9b-632_800_1600.png",2.077,"2024-01-18T22:33:03.499966Z"
3737,"1","High","2024-01-18T22:33:06.214421Z",3202,"images/6eebbbd5-632_1600_0.png",2.486,"2024-01-18T22:33:06.214421Z"
3738,"1","High","2024-01-18T22:33:08.301019Z",3203,"images/64ba8549-632_1600_800.png",1.847,"2024-01-18T22:33:08.301019Z"
3739,"1","High","2024-01-18T22:33:17.399069Z",3204,"images/c6732d51-632_1600_1600.png",8.84,"2024-01-18T22:33:17.399069Z"
3740,"1","Very Low","2024-01-18T22:33:19.796617Z",3205,"images/b63a195b-636_0_0.png",2.179,"2024-01-18T22:33:19.796617Z"
3741,"1","Low","2024-01-18T22:33:21.564408Z",3206,"images/ad40b7e0-636_0_800.png",1.545,"2024-01-18T22:33:21.564408Z"
3742,"1","Very Low","2024-01-18T22:33:23.876812Z",3207,"images/83604519-636_0_1600.png",2.076,"2024-01-18T22:33:23.876812Z"
3743,"1","High","2024-01-18T22:33:26.811038Z",3208,"images/686f0f6c-636_800_0.png",2.717,"2024-01-18T22:33:26.811038Z"
3744,"1","Very Low","2024-01-18T22:33:30.943774Z",3209,"images/38122595-636_800_800.png",3.898,"2024-01-18T22:33:30.943774Z"
3745,"1","Very Low","2024-01-18T22:33:32.732714Z",3210,"images/ae551591-636_800_1600.png",1.567,"2024-01-18T22:33:32.732714Z"
3746,"1","Medium","2024-01-18T22:33:35.066127Z",3211,"images/6e3c86e7-636_1600_0.png",2.117,"2024-01-18T22:33:35.066127Z"
3747,"1","Medium","2024-01-18T22:33:41.006202Z",3212,"images/aa23d9b0-636_1600_800.png",5.711,"2024-01-18T22:33:41.006202Z"
3748,"1","Very Low","2024-01-18T22:33:46.922096Z",3213,"images/19acc99c-636_1600_1600.png",5.674,"2024-01-18T22:33:46.922096Z"
3749,"1","Low","2024-01-18T22:33:48.718644Z",3214,"images/d50c0a01-667_0_0.png",1.568,"2024-01-18T22:33:48.718644Z"
3750,"1","Very Low","2024-01-18T22:33:50.348919Z",3215,"images/2d2c396e-667_0_800.png",1.413,"2024-01-18T22:33:50.348919Z"
3751,"1","Very Low","2024-01-18T22:33:53.490566Z",3216,"images/aeef04d4-667_0_1600.png",2.904,"2024-01-18T22:33:53.490566Z"
3752,"1","Very Low","2024-01-18T22:33:54.979740Z",3217,"images/871b6360-667_800_0.png",1.251,"2024-01-18T22:33:54.979740Z"
3753,"1","Very Low","2024-01-18T22:33:56.387837Z",3218,"images/867b1058-667_800_800.png",1.178,"2024-01-18T22:33:56.387837Z"
3754,"1","Very Low","2024-01-18T22:33:57.722100Z",3219,"images/5cd27a48-667_800_1600.png",1.112,"2024-01-18T22:33:57.722100Z"
3755,"1","Medium","2024-01-18T22:33:59.803882Z",3220,"images/bc87c244-667_1600_0.png",1.856,"2024-01-18T22:33:59.803882Z"
3756,"1","Very Low","2024-01-18T22:34:02.113612Z",3221,"images/5b2b1cd0-667_1600_800.png",2.083,"2024-01-18T22:34:02.113612Z"
3757,"1","Low","2024-01-18T22:34:04.420576Z",3222,"images/3a813196-667_1600_1600.png",2.083,"2024-01-18T22:34:04.420576Z"
3758,"1","High","2024-01-18T22:34:07.305660Z",3223,"images/1a6fa64b-676_0_0.png",2.657,"2024-01-18T22:34:07.305660Z"
3759,"1","Very High","2024-01-18T22:34:09.098650Z",3224,"images/b04004c5-676_0_800.png",1.563,"2024-01-18T22:34:09.098650Z"
3760,"1","Very High","2024-01-18T22:34:10.516354Z",3225,"images/fc9ed301-676_0_1600.png",1.211,"2024-01-18T22:34:10.516354Z"
3761,"1","Very High","2024-01-18T22:34:11.771044Z",3226,"images/08a6a20e-676_800_0.png",1.036,"2024-01-18T22:34:11.771044Z"
3762,"1","High","2024-01-18T22:34:14.332498Z",3227,"images/d93a797a-929_1600_800.png",2.338,"2024-01-18T22:34:14.332498Z"
3763,"1","Medium","2024-01-18T22:34:18.463350Z",3228,"images/1dd9f396-929_1600_1600.png",3.906,"2024-01-18T22:34:18.463350Z"
3764,"1","Very Low","2024-01-18T22:34:21.004339Z",3229,"images/507df347-944_0_0.png",2.298,"2024-01-18T22:34:21.004339Z"
3765,"1","Very Low","2024-01-18T22:34:22.506462Z",3230,"images/4be1f4e5-944_0_800.png",1.275,"2024-01-18T22:34:22.506462Z"
3766,"1","Very Low","2024-01-18T22:34:23.795311Z",3231,"images/d71e9236-944_0_1600.png",1.025,"2024-01-18T22:34:23.795311Z"
3767,"1","Very Low","2024-01-18T22:34:28.227411Z",3232,"images/42d63a9d-944_800_0.png",4.19,"2024-01-18T22:34:28.227411Z"
3768,"1","Very Low","2024-01-18T22:34:29.675278Z",3233,"images/d34b026d-944_800_800.png",1.213,"2024-01-18T22:34:29.675278Z"
3769,"1","Very Low","2024-01-18T22:34:31.755350Z",3234,"images/a2807a36-944_800_1600.png",1.866,"2024-01-18T22:34:31.755350Z"
3770,"1","Very Low","2024-01-18T22:34:45.288805Z",3235,"images/867ceaf2-944_1600_0.png",13.316,"2024-01-18T22:34:45.288805Z"
3771,"1","Very Low","2024-01-18T22:34:46.813239Z",3236,"images/f1b4d4f3-944_1600_800.png",1.208,"2024-01-18T22:34:46.813239Z"
3772,"1","Very Low","2024-01-18T22:34:48.347411Z",3237,"images/0d7adf2b-944_1600_1600.png",1.291,"2024-01-18T22:34:48.347411Z"
3773,"1","Very Low","2024-01-18T22:34:49.602490Z",3238,"images/29afe27a-700_0_0.png",1.035,"2024-01-18T22:34:49.603487Z"
3774,"1","Very Low","2024-01-18T22:34:51.387767Z",3239,"images/1c0e77f8-700_0_800.png",1.562,"2024-01-18T22:34:51.387767Z"
3775,"1","Very Low","2024-01-18T22:34:54.585955Z",3240,"images/b908c6df-700_0_1600.png",2.968,"2024-01-18T22:34:54.585955Z"
3776,"1","Very Low","2024-01-18T22:34:56.189024Z",3241,"images/3278e166-700_800_0.png",1.377,"2024-01-18T22:34:56.189024Z"
3777,"1","Very Low","2024-01-18T22:34:57.580348Z",3242,"images/83051b0f-700_800_800.png",1.155,"2024-01-18T22:34:57.580348Z"
3778,"1","Very Low","2024-01-18T22:34:59.222036Z",3243,"images/fc6a89d1-700_800_1600.png",1.407,"2024-01-18T22:34:59.222036Z"
3779,"1","Very Low","2024-01-18T22:35:01.036313Z",3244,"images/e71e2071-700_1600_0.png",1.585,"2024-01-18T22:35:01.036313Z"
3780,"1","Very Low","2024-01-18T22:35:02.453392Z",3245,"images/c09d87ed-700_1600_800.png",1.199,"2024-01-18T22:35:02.453392Z"
3781,"1","Very Low","2024-01-18T22:35:04.059651Z",3246,"images/d4d8a0e6-700_1600_1600.png",1.388,"2024-01-18T22:35:04.059651Z"
3782,"1","Very Low","2024-01-18T22:35:06.052976Z",3247,"images/200e3767-770_0_0.png",1.74,"2024-01-18T22:35:06.052976Z"
3783,"1","Medium","2024-01-18T22:35:08.450284Z",3248,"images/00de65ae-770_0_800.png",2.179,"2024-01-18T22:35:08.450284Z"
3784,"1","Very High","2024-01-18T22:35:11.235106Z",3249,"images/04b5ad35-770_0_1600.png",2.402,"2024-01-18T22:35:11.235106Z"
3785,"1","High","2024-01-18T22:35:12.954936Z",3250,"images/e6822207-770_800_0.png",1.502,"2024-01-18T22:35:12.954936Z"
3786,"1","High","2024-01-18T22:35:14.925339Z",3251,"images/8f9b50c2-770_800_800.png",1.718,"2024-01-18T22:35:14.925339Z"
3787,"1","Medium","2024-01-18T22:35:16.974622Z",3252,"images/b39872f5-770_800_1600.png",1.816,"2024-01-18T22:35:16.974622Z"
3788,"1","Medium","2024-01-18T22:35:19.094575Z",3253,"images/aa920da1-770_1600_0.png",1.884,"2024-01-18T22:35:19.094575Z"
3789,"1","Very High","2024-01-18T22:35:21.154921Z",3254,"images/505d1582-770_1600_800.png",1.828,"2024-01-18T22:35:21.154921Z"
3790,"1","High","2024-01-18T22:35:23.108982Z",3255,"images/80fe075c-770_1600_1600.png",1.728,"2024-01-18T22:35:23.108982Z"
3791,"1","Very Low","2024-01-18T22:35:25.035572Z",3256,"images/0f8e1a1c-827_0_0.png",1.693,"2024-01-18T22:35:25.035572Z"
3792,"1","Very Low","2024-01-18T22:35:26.342971Z",3257,"images/9b823212-827_0_800.png",1.068,"2024-01-18T22:35:26.342971Z"
3793,"1","Very Low","2024-01-18T22:35:35.524414Z",3258,"images/a73678d1-827_0_1600.png",8.961,"2024-01-18T22:35:35.524414Z"
3794,"1","Medium","2024-01-18T22:35:38.755264Z",3259,"images/e79bd6c9-827_0_2400.png",2.985,"2024-01-18T22:35:38.755264Z"
3795,"1","Very Low","2024-01-18T22:35:40.739863Z",3260,"images/3111a650-827_800_0.png",1.758,"2024-01-18T22:35:40.739863Z"
3796,"1","Very Low","2024-01-18T22:35:42.047719Z",3261,"images/5ef6d804-827_800_800.png",1.096,"2024-01-18T22:35:42.047719Z"
3797,"1","Very Low","2024-01-18T22:35:43.487530Z",3262,"images/ebfd751a-827_800_1600.png",1.185,"2024-01-18T22:35:43.487530Z"
3798,"1","Very Low","2024-01-18T22:35:45.124932Z",3263,"images/ddcc64c2-827_800_2400.png",1.418,"2024-01-18T22:35:45.124932Z"
3799,"1","Very Low","2024-01-18T22:35:46.332810Z",3264,"images/bd0effe2-827_1600_0.png",0.973,"2024-01-18T22:35:46.332810Z"
3800,"1","Very Low","2024-01-18T22:35:47.910166Z",3265,"images/537bc8f0-827_1600_800.png",1.351,"2024-01-18T22:35:47.910166Z"
3801,"1","Very Low","2024-01-18T22:35:49.163620Z",3266,"images/9aa443a1-827_1600_1600.png",1.015,"2024-01-18T22:35:49.163620Z"
3802,"1","Very Low","2024-01-18T22:35:50.292970Z",3267,"images/8d37d71b-827_1600_2400.png",0.901,"2024-01-18T22:35:50.292970Z"
3803,"1","Very Low","2024-01-18T22:35:51.453192Z",3268,"images/60722385-827_2400_0.png",0.927,"2024-01-18T22:35:51.453192Z"
3804,"1","Very Low","2024-01-18T22:35:52.930770Z",3269,"images/fa995653-827_2400_800.png",1.247,"2024-01-18T22:35:52.930770Z"
3805,"1","Very Low","2024-01-18T22:35:54.195603Z",3270,"images/a882f0ba-827_2400_1600.png",1.031,"2024-01-18T22:35:54.195603Z"
3806,"1","Very Low","2024-01-18T22:35:56.636687Z",3271,"images/17b4715e-827_2400_2400.png",2.211,"2024-01-18T22:35:56.636687Z"
3807,"1","Very Low","2024-01-18T22:35:59.586217Z",3272,"images/19750676-882_0_0.png",2.68,"2024-01-18T22:35:59.586217Z"
3809,"1","Very High","2024-01-18T22:36:14.683981Z",3274,"images/889d02e5-882_0_1600.png",1.632,"2024-01-18T22:36:14.683981Z"
3810,"1","High","2024-01-18T22:36:16.394345Z",3275,"images/7387298e-882_0_2400.png",1.47,"2024-01-18T22:36:16.394345Z"
3811,"1","Very Low","2024-01-18T22:36:18.387411Z",3276,"images/cb43e296-882_800_0.png",1.764,"2024-01-18T22:36:18.387411Z"
3812,"1","Low","2024-01-18T22:36:22.539597Z",3277,"images/aa784b0c-882_800_800.png",3.923,"2024-01-18T22:36:22.539597Z"
3813,"1","Very High","2024-01-18T22:36:25.555921Z",3278,"images/e3eb338c-882_800_1600.png",2.753,"2024-01-18T22:36:25.555921Z"
3814,"1","Very High","2024-01-18T22:36:26.978377Z",3279,"images/658a5bbb-882_800_2400.png",1.205,"2024-01-18T22:36:26.978377Z"
3815,"1","Very Low","2024-01-18T22:36:31.963595Z",3280,"images/294fc9b1-882_1600_0.png",4.764,"2024-01-18T22:36:31.963595Z"
3817,"1","High","2024-01-18T22:36:36.744795Z",3282,"images/fcd3c446-882_1600_1600.png",2.63,"2024-01-18T22:36:36.744795Z"
3818,"1","Very High","2024-01-18T22:36:39.660608Z",3283,"images/3fd63380-882_1600_2400.png",2.658,"2024-01-18T22:36:39.660608Z"
3819,"1","Very Low","2024-01-18T22:36:42.603215Z",3284,"images/5c4d74e5-882_2400_0.png",2.704,"2024-01-18T22:36:42.603215Z"
3820,"1","Very Low","2024-01-18T22:36:44.075365Z",3285,"images/3c6a9420-882_2400_800.png",1.24,"2024-01-18T22:36:44.075365Z"
3821,"1","Very Low","2024-01-18T22:36:45.595135Z",3286,"images/ed3ba7e6-882_2400_1600.png",1.293,"2024-01-18T22:36:45.595135Z"
3822,"1","Low","2024-01-18T22:36:47.905920Z",3287,"images/904af9e1-882_2400_2400.png",2.089,"2024-01-18T22:36:47.905920Z"
3823,"1","Very Low","2024-01-18T22:36:49.384686Z",3288,"images/de7e604c-909_0_0.png",1.266,"2024-01-18T22:36:49.384686Z"
3824,"1","Very Low","2024-01-18T22:36:50.879672Z",3289,"images/c58218f2-909_0_800.png",1.271,"2024-01-18T22:36:50.879672Z"
3825,"1","Very Low","2024-01-18T22:36:52.195378Z",3290,"images/baa5c38e-909_0_1600.png",1.094,"2024-01-18T22:36:52.195378Z"
3826,"1","Very Low","2024-01-18T22:36:53.477226Z",3291,"images/ca416a64-909_800_0.png",1.054,"2024-01-18T22:36:53.477226Z"
3827,"1","Very Low","2024-01-18T22:36:55.007300Z",3292,"images/2d496db7-909_800_800.png",1.298,"2024-01-18T22:36:55.007300Z"
3828,"1","Very Low","2024-01-18T22:36:56.868371Z",3293,"images/06fac4fa-909_800_1600.png",1.619,"2024-01-18T22:36:56.868371Z"
3829,"1","Very Low","2024-01-18T22:36:58.763414Z",3294,"images/aabeeec5-909_1600_0.png",1.673,"2024-01-18T22:36:58.763414Z"
3830,"1","Very Low","2024-01-18T22:36:59.876430Z",3295,"images/9a02e0f3-909_1600_800.png",0.883,"2024-01-18T22:36:59.876430Z"
3831,"1","Very Low","2024-01-18T22:37:00.859933Z",3296,"images/6ccb5e6d-909_1600_1600.png",0.758,"2024-01-18T22:37:00.859933Z"
3832,"1","Medium","2024-01-18T22:37:04.386099Z",3297,"images/f1262229-912_0_0.png",3.297,"2024-01-18T22:37:04.386099Z"
3833,"1","Medium","2024-01-18T22:37:05.612283Z",3298,"images/2f8a8157-912_0_800.png",1.009,"2024-01-18T22:37:05.612283Z"
3834,"1","Medium","2024-01-18T22:37:07.333635Z",3299,"images/655e8cad-912_0_1600.png",1.496,"2024-01-18T22:37:07.333635Z"
3835,"1","Medium","2024-01-18T22:37:08.907198Z",3300,"images/97cc4a7c-912_0_2400.png",1.345,"2024-01-18T22:37:08.907198Z"
3836,"1","Low","2024-01-18T22:37:11.180381Z",3301,"images/2a38ae52-912_800_0.png",2.054,"2024-01-18T22:37:11.180381Z"
3837,"1","Very Low","2024-01-18T22:37:13.482956Z",3302,"images/04fa5567-912_800_800.png",2.055,"2024-01-18T22:37:13.482956Z"
3838,"1","Low","2024-01-18T22:37:15.460189Z",3303,"images/263a6179-912_800_1600.png",1.733,"2024-01-18T22:37:15.460189Z"
3839,"1","Very Low","2024-01-18T22:37:18.789830Z",3304,"images/3185d381-912_800_2400.png",3.088,"2024-01-18T22:37:18.789830Z"
3840,"1","Low","2024-01-18T22:37:24.165986Z",3305,"images/0527fce9-912_1600_0.png",5.127,"2024-01-18T22:37:24.165986Z"
3841,"1","Very Low","2024-01-18T22:37:26.044161Z",3306,"images/ffa22a7f-912_1600_800.png",1.648,"2024-01-18T22:37:26.044161Z"
3842,"1","High","2024-01-18T22:37:29.339949Z",3307,"images/0225ea20-912_1600_1600.png",3.066,"2024-01-18T22:37:29.339949Z"
3843,"1","Medium","2024-01-18T22:37:31.310525Z",3308,"images/e768b847-912_1600_2400.png",1.733,"2024-01-18T22:37:31.310525Z"
3844,"1","Very High","2024-01-18T22:37:34.603280Z",3309,"images/077060ab-929_0_0.png",3.062,"2024-01-18T22:37:34.603280Z"
3845,"1","High","2024-01-18T22:37:37.395988Z",3310,"images/03bb2ad2-929_0_800.png",2.555,"2024-01-18T22:37:37.395988Z"
3846,"1","High","2024-01-18T22:37:45.758684Z",3311,"images/d76f29ed-929_0_1600.png",8.107,"2024-01-18T22:37:45.758684Z"
3847,"1","High","2024-01-18T22:37:51.692334Z",3312,"images/f10771b5-929_800_0.png",5.683,"2024-01-18T22:37:51.692334Z"
3848,"1","Medium","2024-01-18T22:37:54.089287Z",3313,"images/13591771-929_800_800.png",2.165,"2024-01-18T22:37:54.089287Z"
3849,"1","Medium","2024-01-18T22:37:55.891260Z",3314,"images/29576dc6-929_800_1600.png",1.573,"2024-01-18T22:37:55.892257Z"
3850,"1","Very High","2024-01-18T22:38:23.206572Z",3315,"images/4ea1ab9f-929_1600_0.png",27.089,"2024-01-18T22:38:23.206572Z"
3851,"1","Very Low","2024-01-18T22:38:24.933193Z",3316,"images/d1a126b0-1054_0_2400.png",1.476,"2024-01-18T22:38:24.933193Z"
3852,"1","Low","2024-01-19T08:26:13.072606Z",3317,"images/39701943-1054_800_0.png",7.374,"2024-01-19T08:26:13.072606Z"
3853,"1","Very Low","2024-01-19T08:26:15.917742Z",3318,"images/228e9668-1054_800_800.png",2.587,"2024-01-19T08:26:15.917742Z"
3854,"1","Very Low","2024-01-19T08:26:17.283455Z",3319,"images/30a00264-1054_800_1600.png",1.118,"2024-01-19T08:26:17.283455Z"
3855,"1","Very Low","2024-01-19T08:26:18.866718Z",3320,"images/66f0287d-1054_800_2400.png",1.342,"2024-01-19T08:26:18.866718Z"
3856,"1","Medium","2024-01-19T08:26:21.694534Z",3321,"images/e86c2880-1054_1600_0.png",2.582,"2024-01-19T08:26:21.694534Z"
3857,"1","Low","2024-01-19T08:26:23.827128Z",3322,"images/06016b0b-1054_1600_800.png",1.88,"2024-01-19T08:26:23.827128Z"
3858,"1","Very Low","2024-01-19T08:26:25.825098Z",3323,"images/42d7a382-1054_1600_1600.png",1.656,"2024-01-19T08:26:25.825098Z"
3859,"1","Very Low","2024-01-19T08:26:27.708047Z",3324,"images/ee1f7fbe-1054_1600_2400.png",1.64,"2024-01-19T08:26:27.708047Z"
3860,"1","Very Low","2024-01-19T08:26:29.082934Z",3325,"images/e954f5d1-947_0_0.png",1.122,"2024-01-19T08:26:29.082934Z"
3861,"1","Very Low","2024-01-19T08:26:30.395448Z",3326,"images/df131b13-947_0_800.png",1.067,"2024-01-19T08:26:30.395448Z"
3862,"1","Very Low","2024-01-19T08:26:33.189128Z",3327,"images/57a076c6-947_0_1600.png",2.551,"2024-01-19T08:26:33.189128Z"
3863,"1","Very Low","2024-01-19T08:26:35.908464Z",3328,"images/b876602e-947_800_0.png",2.452,"2024-01-19T08:26:35.908464Z"
3864,"1","Very Low","2024-01-19T08:26:37.218125Z",3329,"images/63c854cf-947_800_800.png",1.059,"2024-01-19T08:26:37.218125Z"
3865,"1","Very Low","2024-01-19T08:26:39.898596Z",3330,"images/e13695f1-947_800_1600.png",2.438,"2024-01-19T08:26:39.898596Z"
3866,"1","Very Low","2024-01-19T08:26:41.334730Z",3331,"images/bbca49ae-947_1600_0.png",1.191,"2024-01-19T08:26:41.334730Z"
3867,"1","Very Low","2024-01-19T08:26:42.638126Z",3332,"images/3ec8673c-947_1600_800.png",1.064,"2024-01-19T08:26:42.638126Z"
3868,"1","Low","2024-01-19T08:26:45.882468Z",3333,"images/30b8b4d6-947_1600_1600.png",2.905,"2024-01-19T08:26:45.882468Z"
3869,"1","Very Low","2024-01-19T08:26:47.860262Z",3334,"images/f8cb603c-949_0_0.png",1.752,"2024-01-19T08:26:47.860262Z"
3870,"1","Very Low","2024-01-19T08:26:49.410240Z",3335,"images/b79cda30-949_0_800.png",1.304,"2024-01-19T08:26:49.410240Z"
3871,"1","Medium","2024-01-19T08:26:52.886040Z",3336,"images/dd200050-949_0_1600.png",3.233,"2024-01-19T08:26:52.886040Z"
3872,"1","Medium","2024-01-19T08:26:54.362890Z",3337,"images/7dd5cca1-949_800_0.png",1.226,"2024-01-19T08:26:54.362890Z"
3873,"1","Medium","2024-01-19T08:26:56.188974Z",3338,"images/81c1f6a7-949_800_800.png",1.598,"2024-01-19T08:26:56.188974Z"
3874,"1","High","2024-01-19T08:26:58.126545Z",3339,"images/5a9f54e2-949_800_1600.png",1.711,"2024-01-19T08:26:58.126545Z"
3875,"1","Medium","2024-01-19T08:27:01.386987Z",3340,"images/4b79f799-949_1600_0.png",3.045,"2024-01-19T08:27:01.386987Z"
3876,"1","Low","2024-01-19T08:27:03.202922Z",3341,"images/e83ffd42-949_1600_800.png",1.597,"2024-01-19T08:27:03.202922Z"
3877,"1","Medium","2024-01-19T08:27:05.915992Z",3342,"images/73a6c6e6-949_1600_1600.png",2.487,"2024-01-19T08:27:05.915992Z"
3878,"1","Very Low","2024-01-19T08:27:08.044304Z",3343,"images/31cabe59-950_0_0.png",1.878,"2024-01-19T08:27:08.044304Z"
3879,"1","Very Low","2024-01-19T08:27:09.244701Z",3344,"images/027df814-950_0_800.png",0.973,"2024-01-19T08:27:09.244701Z"
3880,"1","Very Low","2024-01-19T08:27:11.051538Z",3345,"images/2bc8c688-950_0_1600.png",1.588,"2024-01-19T08:27:11.051538Z"
3881,"1","Very Low","2024-01-19T08:27:13.652002Z",3346,"images/d0cab99b-950_800_0.png",2.375,"2024-01-19T08:27:13.652002Z"
3882,"1","Very Low","2024-01-19T08:27:15.171464Z",3347,"images/efb87582-950_800_800.png",1.296,"2024-01-19T08:27:15.171464Z"
3883,"1","Very Low","2024-01-19T08:27:16.489701Z",3348,"images/a9a517c1-950_800_1600.png",1.108,"2024-01-19T08:27:16.489701Z"
3884,"1","Very Low","2024-01-19T08:27:21.031219Z",3349,"images/f5fecb19-950_1600_0.png",4.323,"2024-01-19T08:27:21.031219Z"
3885,"1","Very Low","2024-01-19T08:27:23.229477Z",3350,"images/c418b781-950_1600_800.png",1.961,"2024-01-19T08:27:23.229477Z"
3886,"1","Low","2024-01-19T08:27:24.707246Z",3351,"images/5c0d27fb-950_1600_1600.png",1.244,"2024-01-19T08:27:24.707246Z"
3887,"1","Very Low","2024-01-19T08:27:26.444949Z",3352,"images/2cb6cdfd-967_0_0.png",1.523,"2024-01-19T08:27:26.444949Z"
3888,"1","High","2024-01-19T08:27:30.502949Z",3353,"images/f602b981-967_0_800.png",3.837,"2024-01-19T08:27:30.502949Z"
3889,"1","Low","2024-01-19T08:27:33.460649Z",3354,"images/f27ab67a-967_0_1600.png",2.736,"2024-01-19T08:27:33.460649Z"
3890,"1","Very Low","2024-01-19T08:27:35.396329Z",3355,"images/aeead182-967_800_0.png",1.704,"2024-01-19T08:27:35.396329Z"
3891,"1","Very High","2024-01-19T08:27:38.572996Z",3356,"images/0116282c-967_800_800.png",2.949,"2024-01-19T08:27:38.572996Z"
3892,"1","High","2024-01-19T08:27:41.081306Z",3357,"images/26c4be51-967_800_1600.png",2.279,"2024-01-19T08:27:41.081306Z"
3893,"1","Low","2024-01-19T08:27:43.379320Z",3358,"images/25129d23-967_1600_0.png",2.079,"2024-01-19T08:27:43.379320Z"
3894,"1","High","2024-01-19T08:27:45.678244Z",3359,"images/6dd4a656-967_1600_800.png",2.065,"2024-01-19T08:27:45.678244Z"
3895,"1","High","2024-01-19T08:27:47.589092Z",3360,"images/df8f1da1-967_1600_1600.png",1.667,"2024-01-19T08:27:47.589092Z"
3896,"1","Very Low","2024-01-19T08:27:50.015288Z",3361,"images/53a78689-981_0_0.png",2.204,"2024-01-19T08:27:50.015288Z"
3897,"1","Very Low","2024-01-19T08:27:51.420663Z",3362,"images/7419d679-981_0_800.png",1.176,"2024-01-19T08:27:51.420663Z"
3898,"1","Low","2024-01-19T08:27:53.872856Z",3363,"images/62594b58-981_0_1600.png",2.216,"2024-01-19T08:27:53.872856Z"
3899,"1","Very Low","2024-01-19T08:27:55.323035Z",3364,"images/09f96d5b-981_800_0.png",1.21,"2024-01-19T08:27:55.323035Z"
3900,"1","Very Low","2024-01-19T08:27:56.608611Z",3365,"images/8ad963ce-981_800_800.png",0.96,"2024-01-19T08:27:56.608611Z"
3901,"1","Very Low","2024-01-19T08:27:59.667705Z",3366,"images/d54cea92-981_800_1600.png",2.834,"2024-01-19T08:27:59.667705Z"
3902,"1","Very Low","2024-01-19T08:28:01.092600Z",3367,"images/75400861-981_1600_0.png",1.19,"2024-01-19T08:28:01.092600Z"
3903,"1","Very Low","2024-01-19T08:28:02.292115Z",3368,"images/b33f7037-981_1600_800.png",0.968,"2024-01-19T08:28:02.292115Z"
3904,"1","Very Low","2024-01-19T08:28:03.796221Z",3369,"images/f7508b41-981_1600_1600.png",1.275,"2024-01-19T08:28:03.796221Z"
3905,"1","Low","2024-01-19T08:28:05.603469Z",3370,"images/38b1bd55-985_0_0.png",1.584,"2024-01-19T08:28:05.603469Z"
3906,"1","Low","2024-01-19T08:28:07.129756Z",3371,"images/6d142eed-985_0_800.png",1.211,"2024-01-19T08:28:07.129756Z"
3907,"1","Medium","2024-01-19T08:28:08.872090Z",3372,"images/729c1e12-985_0_1600.png",1.53,"2024-01-19T08:28:08.872090Z"
3908,"1","Low","2024-01-19T08:28:10.588278Z",3373,"images/12f82c17-985_800_0.png",1.496,"2024-01-19T08:28:10.588278Z"
3909,"1","Very Low","2024-01-19T08:28:12.580423Z",3374,"images/0dccea77-985_800_800.png",1.66,"2024-01-19T08:28:12.580423Z"
3910,"1","Low","2024-01-19T08:28:15.042579Z",3375,"images/d9e85f62-985_800_1600.png",2.243,"2024-01-19T08:28:15.042579Z"
3911,"1","High","2024-01-19T08:28:18.829291Z",3376,"images/8d56c707-985_1600_0.png",3.565,"2024-01-19T08:28:18.829291Z"
3912,"1","Very Low","2024-01-19T08:28:20.450170Z",3377,"images/93e369cf-985_1600_800.png",1.404,"2024-01-19T08:28:20.450170Z"
3913,"1","Very Low","2024-01-19T08:28:22.035633Z",3378,"images/76d63397-985_1600_1600.png",1.368,"2024-01-19T08:28:22.035633Z"
3914,"1","High","2024-01-19T08:28:24.932993Z",3379,"images/98653b89-995_0_0.png",2.675,"2024-01-19T08:28:24.932993Z"
3915,"1","Medium","2024-01-19T08:28:27.523759Z",3380,"images/cd25bec3-995_0_800.png",2.366,"2024-01-19T08:28:27.523759Z"
3916,"1","Low","2024-01-19T08:28:29.629774Z",3381,"images/17909794-995_0_1600.png",1.885,"2024-01-19T08:28:29.629774Z"
3917,"1","Very Low","2024-01-19T08:28:34.270821Z",3382,"images/f41a55aa-995_800_0.png",4.422,"2024-01-19T08:28:34.270821Z"
3918,"1","Very Low","2024-01-19T08:28:36.081723Z",3383,"images/aff7948a-995_800_800.png",1.582,"2024-01-19T08:28:36.081723Z"
3919,"1","Very Low","2024-01-19T08:28:37.774043Z",3384,"images/cd4da9bb-995_800_1600.png",1.472,"2024-01-19T08:28:37.774043Z"
3920,"1","Very Low","2024-01-19T08:28:39.897021Z",3385,"images/f361d91c-995_1600_0.png",1.897,"2024-01-19T08:28:39.897021Z"
3921,"1","Low","2024-01-19T08:28:41.579834Z",3386,"images/ee7e61dd-995_1600_800.png",1.458,"2024-01-19T08:28:41.579834Z"
3922,"1","High","2024-01-19T08:28:44.597916Z",3387,"images/5d38f944-995_1600_1600.png",2.788,"2024-01-19T08:28:44.597916Z"
3923,"1","Very Low","2024-01-19T08:28:46.139308Z",3388,"images/f9a7ad15-1054_0_0.png",1.311,"2024-01-19T08:28:46.139308Z"
3924,"1","Very Low","2024-01-19T08:28:47.716320Z",3389,"images/7f664dba-1054_0_800.png",1.367,"2024-01-19T08:28:47.716320Z"
3925,"1","Very Low","2024-01-19T08:28:50.050405Z",3390,"images/0452f78a-1054_0_1600.png",2.119,"2024-01-19T08:28:50.050405Z"
3926,"1","Very Low","2024-01-19T08:28:52.368853Z",3391,"images/548fa78e-1213_1600_0.png",2.102,"2024-01-19T08:28:52.368853Z"
3927,"1","Very Low","2024-01-19T08:28:54.091891Z",3392,"images/f908c803-1213_1600_800.png",1.51,"2024-01-19T08:28:54.091891Z"
3928,"1","Very Low","2024-01-19T08:28:55.996898Z",3393,"images/55369fb8-1213_1600_1600.png",1.673,"2024-01-19T08:28:55.996898Z"
3934,"1","Medium","2024-01-19T08:29:09.431932Z",3399,"images/2253a27b-1474_800_800.png",5.226,"2024-01-19T08:29:09.431932Z"
3935,"1","Low","2024-01-19T08:29:10.868207Z",3400,"images/41740596-1474_800_1600.png",1.214,"2024-01-19T08:29:10.868207Z"
3936,"1","Medium","2024-01-19T08:29:12.483510Z",3401,"images/2094ae7c-1474_800_2400.png",1.379,"2024-01-19T08:29:12.483510Z"
3938,"1","Low","2024-01-19T08:29:17.204198Z",3403,"images/cb1fe0a7-1474_1600_800.png",2.901,"2024-01-19T08:29:17.204198Z"
3939,"1","Low","2024-01-19T08:29:18.812370Z",3404,"images/b2cfb013-1474_1600_1600.png",1.375,"2024-01-19T08:29:18.812370Z"
3940,"1","Low","2024-01-19T08:29:20.387578Z",3405,"images/ae2bd97b-1474_1600_2400.png",1.204,"2024-01-19T08:29:20.387578Z"
3941,"1","Very Low","2024-01-19T08:29:22.379988Z",3406,"images/d17582fe-1069_0_0.png",1.76,"2024-01-19T08:29:22.379988Z"
3942,"1","Very Low","2024-01-19T08:29:23.920082Z",3407,"images/ebe06b53-1069_0_800.png",1.261,"2024-01-19T08:29:23.920082Z"
3943,"1","Very Low","2024-01-19T08:29:25.330056Z",3408,"images/9143b0d6-1069_0_1600.png",1.183,"2024-01-19T08:29:25.330056Z"
3944,"1","Very Low","2024-01-19T08:29:28.858124Z",3409,"images/c3aa5746-1069_800_0.png",3.29,"2024-01-19T08:29:28.858124Z"
3945,"1","Very Low","2024-01-19T08:29:30.232983Z",3410,"images/0413b6c6-1069_800_800.png",1.146,"2024-01-19T08:29:30.232983Z"
3946,"1","Very Low","2024-01-19T08:29:31.387233Z",3411,"images/147176c8-1069_800_1600.png",0.913,"2024-01-19T08:29:31.387233Z"
3947,"1","Very Low","2024-01-19T08:29:35.256037Z",3412,"images/90194711-1069_1600_0.png",3.635,"2024-01-19T08:29:35.256037Z"
3948,"1","Very Low","2024-01-19T08:29:36.651423Z",3413,"images/6f541c99-1069_1600_800.png",1.16,"2024-01-19T08:29:36.651423Z"
3949,"1","Very Low","2024-01-19T08:29:39.964462Z",3414,"images/04dddc9e-1069_1600_1600.png",3.078,"2024-01-19T08:29:39.964462Z"
3950,"1","Very Low","2024-01-19T08:29:41.250562Z",3415,"images/96c0c7d8-1069_2400_0.png",1.069,"2024-01-19T08:29:41.250562Z"
3951,"1","Very Low","2024-01-19T08:29:42.492245Z",3416,"images/5a7bfc35-1069_2400_800.png",1.012,"2024-01-19T08:29:42.492245Z"
3952,"1","Very Low","2024-01-19T08:29:44.564196Z",3417,"images/6f66afe4-1069_2400_1600.png",1.841,"2024-01-19T08:29:44.564196Z"
3953,"1","Very Low","2024-01-19T08:29:46.018400Z",3418,"images/21d55162-1082_0_0.png",1.17,"2024-01-19T08:29:46.018400Z"
3954,"1","Very Low","2024-01-19T08:29:47.331510Z",3419,"images/3e4c4371-1082_0_800.png",1.06,"2024-01-19T08:29:47.331510Z"
3955,"1","Very Low","2024-01-19T08:29:48.593979Z",3420,"images/9808b518-1082_0_1600.png",1.031,"2024-01-19T08:29:48.593979Z"
3956,"1","Very Low","2024-01-19T08:29:49.835440Z",3421,"images/895bdb61-1082_800_0.png",1.019,"2024-01-19T08:29:49.835440Z"
3957,"1","Very Low","2024-01-19T08:29:51.073680Z",3422,"images/564a335d-1082_800_800.png",1.004,"2024-01-19T08:29:51.073680Z"
3958,"1","Low","2024-01-19T08:29:57.834643Z",3423,"images/c75e7b90-1082_800_1600.png",6.514,"2024-01-19T08:29:57.834643Z"
3959,"1","Very Low","2024-01-19T08:29:59.482727Z",3424,"images/fb2b6801-1082_1600_0.png",1.408,"2024-01-19T08:29:59.482727Z"
3960,"1","Very Low","2024-01-19T08:30:00.625144Z",3425,"images/35399df7-1082_1600_800.png",0.922,"2024-01-19T08:30:00.625144Z"
3961,"1","Very Low","2024-01-19T08:30:09.958321Z",3426,"images/0458950c-1082_1600_1600.png",9.107,"2024-01-19T08:30:09.958321Z"
3962,"1","Very Low","2024-01-19T08:30:11.497824Z",3427,"images/2a6d5366-1082_2400_0.png",1.302,"2024-01-19T08:30:11.497824Z"
3963,"1","Very Low","2024-01-19T08:30:13.722806Z",3428,"images/1338c075-1082_2400_800.png",1.973,"2024-01-19T08:30:13.722806Z"
3964,"1","Very Low","2024-01-19T08:30:15.228389Z",3429,"images/17392754-1082_2400_1600.png",1.282,"2024-01-19T08:30:15.228389Z"
3965,"1","Low","2024-01-19T08:30:27.948937Z",3430,"images/c854b63d-1102_0_0.png",12.497,"2024-01-19T08:30:27.948937Z"
3966,"1","Medium","2024-01-19T08:30:30.503895Z",3431,"images/c490ff01-1102_0_800.png",2.319,"2024-01-19T08:30:30.503895Z"
3967,"1","Very Low","2024-01-19T08:30:32.195593Z",3432,"images/e7191c2a-1102_0_1600.png",1.46,"2024-01-19T08:30:32.195593Z"
3968,"1","Very Low","2024-01-19T08:30:33.410952Z",3433,"images/fbe19764-1102_0_2400.png",0.993,"2024-01-19T08:30:33.410952Z"
3969,"1","Very Low","2024-01-19T08:30:35.042944Z",3434,"images/fa31344e-1102_800_0.png",1.408,"2024-01-19T08:30:35.042944Z"
3970,"1","Low","2024-01-19T08:30:36.698278Z",3435,"images/b5909363-1102_800_800.png",1.423,"2024-01-19T08:30:36.698278Z"
3971,"1","Very Low","2024-01-19T08:30:38.490879Z",3436,"images/4220a84a-1102_800_1600.png",1.557,"2024-01-19T08:30:38.490879Z"
3972,"1","Very Low","2024-01-19T08:30:40.026756Z",3437,"images/3e5e0938-1102_800_2400.png",1.284,"2024-01-19T08:30:40.026756Z"
3973,"1","Very Low","2024-01-19T08:30:41.502099Z",3438,"images/e332185d-1102_1600_0.png",1.238,"2024-01-19T08:30:41.502099Z"
3974,"1","Very Low","2024-01-19T08:30:42.963371Z",3439,"images/7829b5b9-1102_1600_800.png",1.22,"2024-01-19T08:30:42.963371Z"
3975,"1","Very Low","2024-01-19T08:30:44.378896Z",3440,"images/494652fa-1102_1600_1600.png",1.185,"2024-01-19T08:30:44.378896Z"
3976,"1","Very Low","2024-01-19T08:30:45.555203Z",3441,"images/f74a1acb-1102_1600_2400.png",0.932,"2024-01-19T08:30:45.555203Z"
3977,"1","Very Low","2024-01-19T08:30:48.281937Z",3442,"images/2bdc4725-1122_0_0.png",2.493,"2024-01-19T08:30:48.281937Z"
3978,"1","Very Low","2024-01-19T08:30:50.579733Z",3443,"images/95b01f7b-1122_0_800.png",2.058,"2024-01-19T08:30:50.579733Z"
3979,"1","Very Low","2024-01-19T08:30:51.935274Z",3444,"images/66481b7d-1122_0_1600.png",1.108,"2024-01-19T08:30:51.935274Z"
3980,"1","Very Low","2024-01-19T08:30:53.415281Z",3445,"images/0995b678-1122_800_0.png",1.258,"2024-01-19T08:30:53.415281Z"
3981,"1","Very High","2024-01-19T08:30:56.024860Z",3446,"images/ee97e107-1122_800_800.png",2.364,"2024-01-19T08:30:56.024860Z"
3982,"1","Very Low","2024-01-19T08:30:57.851521Z",3447,"images/e1fa61af-1122_800_1600.png",1.583,"2024-01-19T08:30:57.851521Z"
3983,"1","Very Low","2024-01-19T08:31:00.682513Z",3448,"images/7ad8aec2-1122_1600_0.png",2.6,"2024-01-19T08:31:00.682513Z"
3984,"1","Low","2024-01-19T08:31:03.080414Z",3449,"images/bdf0eb43-1122_1600_800.png",2.173,"2024-01-19T08:31:03.080414Z"
3985,"1","Very Low","2024-01-19T08:31:04.603490Z",3450,"images/591487d4-1122_1600_1600.png",1.293,"2024-01-19T08:31:04.603490Z"
3986,"1","Very Low","2024-01-19T08:31:06.188484Z",3451,"images/6d131c54-1122_2400_0.png",1.346,"2024-01-19T08:31:06.188484Z"
3987,"1","Very Low","2024-01-19T08:31:08.220618Z",3452,"images/4cdf7f6f-1122_2400_800.png",1.789,"2024-01-19T08:31:08.220618Z"
3988,"1","Very Low","2024-01-19T08:31:09.780510Z",3453,"images/a4facd36-1122_2400_1600.png",1.212,"2024-01-19T08:31:09.780510Z"
3989,"1","Very Low","2024-01-19T08:31:11.258988Z",3454,"images/36dfaec8-1177_0_0.png",1.246,"2024-01-19T08:31:11.258988Z"
3990,"1","Very Low","2024-01-19T08:31:12.601263Z",3455,"images/d265ea9e-1177_0_800.png",1.107,"2024-01-19T08:31:12.601263Z"
3991,"1","Very Low","2024-01-19T08:31:15.715532Z",3456,"images/30dccba2-1177_0_1600.png",2.849,"2024-01-19T08:31:15.715532Z"
3992,"1","Very Low","2024-01-19T08:31:17.344328Z",3457,"images/b2388c66-1177_800_0.png",1.338,"2024-01-19T08:31:17.344328Z"
3993,"1","Very Low","2024-01-19T08:31:18.595617Z",3458,"images/6a9c41ed-1177_800_800.png",1.001,"2024-01-19T08:31:18.595617Z"
3994,"1","Medium","2024-01-19T08:31:21.784079Z",3459,"images/f7585713-1177_800_1600.png",2.901,"2024-01-19T08:31:21.784079Z"
3995,"1","Very Low","2024-01-19T08:31:23.164472Z",3460,"images/e5e42eee-1177_1600_0.png",1.118,"2024-01-19T08:31:23.164472Z"
3996,"1","Very Low","2024-01-19T08:31:25.009101Z",3461,"images/6a1376fe-1177_1600_800.png",1.587,"2024-01-19T08:31:25.009101Z"
3997,"1","High","2024-01-19T08:31:27.319015Z",3462,"images/8d5a8ff1-1177_1600_1600.png",2.074,"2024-01-19T08:31:27.319015Z"
3998,"1","Very Low","2024-01-19T08:31:28.924558Z",3463,"images/9a10b337-1194_0_0.png",1.363,"2024-01-19T08:31:28.924558Z"
3999,"1","Low","2024-01-19T08:31:31.871500Z",3464,"images/cf764df5-1194_0_800.png",2.705,"2024-01-19T08:31:31.871500Z"
4000,"1","Very Low","2024-01-19T08:31:33.940523Z",3465,"images/958e926f-1194_0_1600.png",1.826,"2024-01-19T08:31:33.940523Z"
4001,"1","Very Low","2024-01-19T08:31:35.418800Z",3466,"images/86d29164-1194_800_0.png",1.25,"2024-01-19T08:31:35.418800Z"
4002,"1","Low","2024-01-19T08:31:37.044950Z",3467,"images/2032453c-1194_800_800.png",1.374,"2024-01-19T08:31:37.044950Z"
4003,"1","Medium","2024-01-19T08:31:38.738938Z",3468,"images/2c48d3e8-1194_800_1600.png",1.463,"2024-01-19T08:31:38.738938Z"
4004,"1","Medium","2024-01-19T08:31:40.733386Z",3469,"images/b63d288b-1194_1600_0.png",1.77,"2024-01-19T08:31:40.733386Z"
4005,"1","Very Low","2024-01-19T08:31:42.492512Z",3470,"images/3a43ce70-1194_1600_800.png",1.52,"2024-01-19T08:31:42.492512Z"
4006,"1","Medium","2024-01-19T08:31:44.628699Z",3471,"images/39afabb1-1194_1600_1600.png",1.875,"2024-01-19T08:31:44.628699Z"
4007,"1","Very Low","2024-01-19T08:31:46.636499Z",3472,"images/b61a5fc0-1207_0_0.png",1.774,"2024-01-19T08:31:46.636499Z"
4008,"1","Very High","2024-01-19T08:31:50.551215Z",3473,"images/58696c02-1207_0_800.png",3.548,"2024-01-19T08:31:50.551215Z"
4009,"1","Low","2024-01-19T08:31:52.636985Z",3474,"images/a09c44df-1207_0_1600.png",6.328,"2024-01-19T08:32:02.717398Z"
4010,"1","Low","2024-01-19T08:32:08.738979Z",3475,"images/5dd3c9b2-1207_800_0.png",2.981,"2024-01-19T08:32:08.738979Z"
4011,"1","Medium","2024-01-19T08:32:11.049570Z",3476,"images/b7b98a99-1207_800_800.png",2.069,"2024-01-19T08:32:11.049570Z"
4012,"1","Low","2024-01-19T08:32:14.660060Z",3477,"images/d646ac1a-1207_800_1600.png",3.37,"2024-01-19T08:32:14.660060Z"
4013,"1","Medium","2024-01-19T08:32:16.923562Z",3478,"images/2b01cffe-1207_1600_0.png",2.007,"2024-01-19T08:32:16.923562Z"
4014,"1","Very Low","2024-01-19T08:32:18.602738Z",3479,"images/598410f8-1207_1600_800.png",1.439,"2024-01-19T08:32:18.602738Z"
4015,"1","Very Low","2024-01-19T08:32:20.138051Z",3480,"images/2532cf00-1207_1600_1600.png",1.286,"2024-01-19T08:32:20.138051Z"
4018,"1","Very Low","2024-01-19T08:32:33.466468Z",3483,"images/449df409-1213_0_1600.png",1.226,"2024-01-19T08:32:33.466468Z"
4019,"1","Very Low","2024-01-19T08:32:35.171823Z",3484,"images/09b52132-1213_800_0.png",1.465,"2024-01-19T08:32:35.171823Z"
4021,"1","Very Low","2024-01-19T08:32:39.906159Z",3486,"images/ff6407c2-1213_800_1600.png",2.828,"2024-01-19T08:32:39.906159Z"
4022,"1","High","2024-01-19T08:32:42.475807Z",3487,"images/ab776c41-1996_1600_0.png",2.331,"2024-01-19T08:32:42.475807Z"
4023,"1","Medium","2024-01-19T08:32:44.419499Z",3488,"images/2095c61f-1996_1600_800.png",1.711,"2024-01-19T08:32:44.419499Z"
4024,"1","High","2024-01-19T08:32:46.792653Z",3489,"images/10b66e7e-1996_1600_1600.png",2.122,"2024-01-19T08:32:46.792653Z"
4025,"1","Low","2024-01-19T08:32:48.803633Z",3490,"images/ea717d50-1996_1600_2400.png",1.772,"2024-01-19T08:32:48.803633Z"
4026,"1","Very Low","2024-01-19T08:32:50.129651Z",3491,"images/9b2c67fe-1996_1600_3200.png",1.082,"2024-01-19T08:32:50.129651Z"
4027,"1","Very Low","2024-01-19T08:32:51.433867Z",3492,"images/a9e4387b-1996_1600_4000.png",1.067,"2024-01-19T08:32:51.433867Z"
4028,"1","Very Low","2024-01-19T08:32:52.575854Z",3493,"images/e7fc6a60-1800_0_0.png",0.891,"2024-01-19T08:32:52.575854Z"
4029,"1","Very Low","2024-01-19T08:32:53.890993Z",3494,"images/2a1761a6-1800_0_800.png",1.07,"2024-01-19T08:32:53.890993Z"
4030,"1","Very Low","2024-01-19T08:32:54.993122Z",3495,"images/0614fa47-1800_0_1600.png",0.871,"2024-01-19T08:32:54.993122Z"
4031,"1","Very Low","2024-01-19T08:32:56.573366Z",3496,"images/57d0931e-1800_800_0.png",1.325,"2024-01-19T08:32:56.573366Z"
4032,"1","Very Low","2024-01-19T08:32:58.059494Z",3497,"images/ab63eac6-1800_800_800.png",1.245,"2024-01-19T08:32:58.059494Z"
4033,"1","Very Low","2024-01-19T08:32:59.819987Z",3498,"images/0c7a594d-1800_800_1600.png",1.517,"2024-01-19T08:32:59.819987Z"
4034,"1","High","2024-01-19T08:33:03.898059Z",3499,"images/49bf96bd-1800_1600_0.png",3.819,"2024-01-19T08:33:03.898059Z"
4035,"1","Medium","2024-01-19T08:33:06.202724Z",3500,"images/41801154-1800_1600_800.png",2.066,"2024-01-19T08:33:06.202724Z"
4036,"1","Low","2024-01-19T08:33:07.897348Z",3501,"images/6828d99d-1800_1600_1600.png",1.445,"2024-01-19T08:33:07.897348Z"
4037,"1","Low","2024-01-19T08:33:09.556180Z",3502,"images/5351fb21-1917_0_0.png",1.413,"2024-01-19T08:33:09.556180Z"
4038,"1","Very High","2024-01-19T08:33:11.539437Z",3503,"images/3d00b8ce-1917_0_800.png",1.751,"2024-01-19T08:33:11.539437Z"
4039,"1","Very High","2024-01-19T08:33:12.730452Z",3504,"images/7bc1d745-1917_0_1600.png",0.938,"2024-01-19T08:33:12.730452Z"
4040,"1","High","2024-01-19T08:33:16.232517Z",3505,"images/48f02626-1917_800_0.png",3.256,"2024-01-19T08:33:16.232517Z"
4041,"1","Very High","2024-01-19T08:33:18.171227Z",3506,"images/9e8c8762-1917_800_800.png",1.695,"2024-01-19T08:33:18.171227Z"
4042,"1","Very High","2024-01-19T08:33:19.635562Z",3507,"images/09707260-1917_800_1600.png",1.191,"2024-01-19T08:33:19.635562Z"
4043,"1","Very High","2024-01-19T08:33:20.836264Z",3508,"images/4f92dd83-1917_1600_0.png",0.966,"2024-01-19T08:33:20.836264Z"
4044,"1","Very High","2024-01-19T08:33:22.105388Z",3509,"images/131252bb-1917_1600_800.png",1.012,"2024-01-19T08:33:22.105388Z"
4045,"1","Very High","2024-01-19T08:33:23.489699Z",3510,"images/18fa89b3-1917_1600_1600.png",1.134,"2024-01-19T08:33:23.489699Z"
4047,"1","Very Low","2024-01-19T08:33:27.826564Z",3512,"images/0b66fce4-1925_0_800.png",1.581,"2024-01-19T08:33:27.826564Z"
4048,"1","Very Low","2024-01-19T08:33:29.098527Z",3513,"images/8b18368a-1925_0_1600.png",1.017,"2024-01-19T08:33:29.098527Z"
4049,"1","Very Low","2024-01-19T08:33:30.333248Z",3514,"images/3f3fd9a7-1925_0_2400.png",0.99,"2024-01-19T08:33:30.333248Z"
4050,"1","Very Low","2024-01-19T08:33:31.521050Z",3515,"images/53598f44-1925_0_3200.png",0.938,"2024-01-19T08:33:31.521050Z"
4051,"1","Very Low","2024-01-19T08:33:32.810556Z",3516,"images/30401d9f-1925_0_4000.png",1.047,"2024-01-19T08:33:32.810556Z"
4052,"1","Very Low","2024-01-19T08:33:34.524123Z",3517,"images/64efc4c6-1925_800_0.png",1.479,"2024-01-19T08:33:34.524123Z"
4053,"1","Very Low","2024-01-19T08:33:36.051263Z",3518,"images/77c160e5-1925_800_800.png",1.104,"2024-01-19T08:33:36.051263Z"
4054,"1","Medium","2024-01-19T08:33:38.149001Z",3519,"images/80888965-1925_800_1600.png",1.856,"2024-01-19T08:33:38.149001Z"
4055,"1","Very Low","2024-01-19T08:33:40.411197Z",3520,"images/98e91e6d-1925_800_2400.png",2.019,"2024-01-19T08:33:40.411197Z"
4056,"1","Very Low","2024-01-19T08:33:41.899297Z",3521,"images/7f3371d4-1925_800_3200.png",1.245,"2024-01-19T08:33:41.899297Z"
4057,"1","Low","2024-01-19T08:33:44.281973Z",3522,"images/fb04e0de-1925_800_4000.png",2.154,"2024-01-19T08:33:44.281973Z"
4058,"1","Very Low","2024-01-19T08:33:45.716723Z",3523,"images/b6c4b473-1925_1600_0.png",1.179,"2024-01-19T08:33:45.716723Z"
4059,"1","Very Low","2024-01-19T08:33:47.170782Z",3524,"images/e844a193-1925_1600_800.png",1.22,"2024-01-19T08:33:47.170782Z"
4060,"1","Low","2024-01-19T08:33:50.761929Z",3525,"images/4c706a53-1925_1600_1600.png",3.343,"2024-01-19T08:33:50.761929Z"
4061,"1","Low","2024-01-19T08:33:52.522416Z",3526,"images/4226ef01-1925_1600_2400.png",1.504,"2024-01-19T08:33:52.522416Z"
4062,"1","High","2024-01-19T08:33:56.240551Z",3527,"images/cc53baea-1925_1600_3200.png",3.46,"2024-01-19T08:33:56.240551Z"
4063,"1","Very High","2024-01-19T08:33:58.391571Z",3528,"images/46f3fb95-1925_1600_4000.png",1.883,"2024-01-19T08:33:58.391571Z"
4064,"1","Very Low","2024-01-19T08:33:59.962428Z",3529,"images/8b37a4ff-1935_0_0.png",1.316,"2024-01-19T08:33:59.963426Z"
4065,"1","Very Low","2024-01-19T08:34:01.147666Z",3530,"images/b44a56d1-1935_0_800.png",0.924,"2024-01-19T08:34:01.147666Z"
4066,"1","Very Low","2024-01-19T08:34:02.675488Z",3531,"images/4c52df8d-1935_0_1600.png",1.157,"2024-01-19T08:34:02.675488Z"
4067,"1","Very Low","2024-01-19T08:34:04.801144Z",3532,"images/b3bb16fa-1935_0_2400.png",1.886,"2024-01-19T08:34:04.801144Z"
4068,"1","Very Low","2024-01-19T08:34:06.195399Z",3533,"images/91674750-1935_0_3200.png",1.144,"2024-01-19T08:34:06.195399Z"
4069,"1","High","2024-01-19T08:34:10.284999Z",3534,"images/cf0d13d4-1935_0_4000.png",3.845,"2024-01-19T08:34:10.284999Z"
4070,"1","Very Low","2024-01-19T08:34:11.770122Z",3535,"images/06a9f14e-1935_800_0.png",1.235,"2024-01-19T08:34:11.770122Z"
4071,"1","Very Low","2024-01-19T08:34:12.930171Z",3536,"images/9352bdd9-1935_800_800.png",0.916,"2024-01-19T08:34:12.930171Z"
4072,"1","Very Low","2024-01-19T08:34:14.034693Z",3537,"images/97624c3e-1935_800_1600.png",0.854,"2024-01-19T08:34:14.034693Z"
4073,"1","Very Low","2024-01-19T08:34:15.265771Z",3538,"images/1faa8121-1935_800_2400.png",0.976,"2024-01-19T08:34:15.265771Z"
4074,"1","Very Low","2024-01-19T08:34:17.180040Z",3539,"images/9057b73c-1935_800_3200.png",1.671,"2024-01-19T08:34:17.180040Z"
4075,"1","Low","2024-01-19T10:28:17.586178Z",3540,"images/fca0d2f6-1935_800_4000.png",4.919,"2024-01-19T10:28:17.586178Z"
4076,"1","Very Low","2024-01-19T10:28:19.298702Z",3541,"images/729a662d-1935_1600_0.png",1.492,"2024-01-19T10:28:19.299699Z"
4077,"1","Very Low","2024-01-19T10:28:20.675657Z",3542,"images/6ae28a12-1935_1600_800.png",1.149,"2024-01-19T10:28:20.675657Z"
4078,"1","Very Low","2024-01-19T10:28:21.832099Z",3543,"images/e130d8ee-1935_1600_1600.png",0.947,"2024-01-19T10:28:21.832099Z"
4082,"1","Very Low","2024-01-19T10:28:30.959434Z",3547,"images/efddedd0-1946_0_0.png",1.768,"2024-01-19T10:28:30.959434Z"
4083,"1","Very Low","2024-01-19T10:28:34.207415Z",3548,"images/8a037814-1946_0_800.png",3.031,"2024-01-19T10:28:34.207415Z"
4084,"1","Medium","2024-01-19T10:28:36.663334Z",3549,"images/c781f1db-1946_0_1600.png",2.239,"2024-01-19T10:28:36.663334Z"
4085,"1","Very Low","2024-01-19T10:28:38.344320Z",3550,"images/6deca010-1946_0_2400.png",1.47,"2024-01-19T10:28:38.344320Z"
4086,"1","Very Low","2024-01-19T10:28:39.614643Z",3551,"images/475a900c-1946_0_3200.png",1.056,"2024-01-19T10:28:39.614643Z"
4087,"1","Very Low","2024-01-19T10:28:40.759244Z",3552,"images/e1941f3e-1946_0_4000.png",0.918,"2024-01-19T10:28:40.759244Z"
4088,"1","Very Low","2024-01-19T10:28:41.879161Z",3553,"images/01434188-1946_800_0.png",0.9,"2024-01-19T10:28:41.880155Z"
4089,"1","Very Low","2024-01-19T10:29:06.146654Z",3554,"images/09c4236a-1946_800_800.png",24.049,"2024-01-19T10:29:06.146654Z"
4090,"1","Very Low","2024-01-19T10:29:07.510097Z",3555,"images/9eb687d5-1946_800_1600.png",1.126,"2024-01-19T10:29:07.510097Z"
4091,"1","Very Low","2024-01-19T10:29:08.509735Z",3556,"images/6e1fa520-1946_800_2400.png",0.766,"2024-01-19T10:29:08.509735Z"
4092,"1","Very Low","2024-01-19T10:29:09.575037Z",3557,"images/cb7198bc-1946_800_3200.png",0.843,"2024-01-19T10:29:09.575037Z"
4093,"1","Very Low","2024-01-19T10:29:10.631242Z",3558,"images/ed9674a2-1946_800_4000.png",0.834,"2024-01-19T10:29:10.631242Z"
4094,"1","Very Low","2024-01-19T10:29:11.616217Z",3559,"images/526c1753-1946_1600_0.png",0.771,"2024-01-19T10:29:11.616217Z"
4095,"1","Very Low","2024-01-19T10:29:12.633612Z",3560,"images/e8fc470f-1946_1600_800.png",0.789,"2024-01-19T10:29:12.633612Z"
4096,"1","Very Low","2024-01-19T10:29:13.840067Z",3561,"images/36d42a57-1946_1600_1600.png",0.944,"2024-01-19T10:29:13.840067Z"
4097,"1","Very Low","2024-01-19T10:29:14.951324Z",3562,"images/7b3583ff-1946_1600_2400.png",0.895,"2024-01-19T10:29:14.951324Z"
4098,"1","Very Low","2024-01-19T10:29:16.080661Z",3563,"images/9bbfe285-1946_1600_3200.png",0.916,"2024-01-19T10:29:16.080661Z"
4099,"1","Very Low","2024-01-19T10:29:17.421627Z",3564,"images/1e758943-1946_1600_4000.png",1.128,"2024-01-19T10:29:17.421627Z"
4100,"1","Very Low","2024-01-19T10:29:18.727868Z",3565,"images/280c0bd5-1996_0_0.png",1.096,"2024-01-19T10:29:18.727868Z"
4101,"1","Very Low","2024-01-19T10:29:19.960931Z",3566,"images/c05be804-1996_0_800.png",1.004,"2024-01-19T10:29:19.960931Z"
4102,"1","Very Low","2024-01-19T10:29:21.290061Z",3567,"images/29e31bf3-1996_0_1600.png",1.104,"2024-01-19T10:29:21.290061Z"
4103,"1","Very Low","2024-01-19T10:29:23.043127Z",3568,"images/08271424-1996_0_2400.png",1.534,"2024-01-19T10:29:23.043127Z"
4104,"1","Very Low","2024-01-19T10:29:24.240478Z",3569,"images/1fc10119-1996_0_3200.png",0.971,"2024-01-19T10:29:24.240478Z"
4105,"1","Very Low","2024-01-19T10:29:25.417203Z",3570,"images/6b4c191a-1996_0_4000.png",0.955,"2024-01-19T10:29:25.417203Z"
4106,"1","Very Low","2024-01-19T10:29:27.032817Z",3571,"images/5f40326e-1996_800_0.png",1.393,"2024-01-19T10:29:27.032817Z"
4107,"1","Very Low","2024-01-19T10:29:28.225252Z",3572,"images/44269230-1996_800_800.png",0.969,"2024-01-19T10:29:28.225252Z"
4108,"1","Very Low","2024-01-19T10:29:29.360335Z",3573,"images/63a758a8-1996_800_1600.png",0.885,"2024-01-19T10:29:29.360335Z"
4109,"1","Very Low","2024-01-19T10:29:30.513135Z",3574,"images/4992901e-1996_800_2400.png",0.935,"2024-01-19T10:29:30.513135Z"
4110,"1","Very Low","2024-01-19T10:29:31.664892Z",3575,"images/30b555a9-1996_800_3200.png",0.937,"2024-01-19T10:29:31.664892Z"
4111,"1","Very Low","2024-01-19T10:29:32.793213Z",3576,"images/f57fdc0e-1996_800_4000.png",0.909,"2024-01-19T10:29:32.793213Z"
4112,"1","High","2024-01-19T10:29:35.535835Z",3577,"images/a7282c17-2517_800_800.png",2.521,"2024-01-19T10:29:35.535835Z"
4113,"1","Medium","2024-01-19T10:29:37.427198Z",3578,"images/e3ef2198-2517_800_1600.png",1.562,"2024-01-19T10:29:37.427198Z"
4114,"1","Very High","2024-01-19T10:29:39.175383Z",3579,"images/03898f5d-2517_1600_0.png",1.518,"2024-01-19T10:29:39.175383Z"
4115,"1","Low","2024-01-19T10:29:41.274144Z",3580,"images/7efac1a8-2517_1600_800.png",1.754,"2024-01-19T10:29:41.274144Z"
4116,"1","Medium","2024-01-19T10:29:42.999972Z",3581,"images/e7f0b1ce-2517_1600_1600.png",1.486,"2024-01-19T10:29:42.999972Z"
4117,"1","Very Low","2024-01-19T10:29:44.472886Z",3582,"images/20a6940f-2529_0_0.png",1.246,"2024-01-19T10:29:44.472886Z"
4118,"1","Very Low","2024-01-19T10:29:45.657030Z",3583,"images/fc7bb943-2529_0_800.png",0.968,"2024-01-19T10:29:45.657030Z"
4119,"1","Very Low","2024-01-19T10:29:46.856584Z",3584,"images/689cbcb8-2529_0_1600.png",0.982,"2024-01-19T10:29:46.856584Z"
4120,"1","Very Low","2024-01-19T10:29:48.192972Z",3585,"images/85be2a8a-2529_800_0.png",1.111,"2024-01-19T10:29:48.192972Z"
4121,"1","Very Low","2024-01-19T10:29:49.423892Z",3586,"images/4f9df853-2529_800_800.png",1.016,"2024-01-19T10:29:49.423892Z"
4122,"1","Very Low","2024-01-19T10:29:50.574829Z",3587,"images/93902b5f-2529_800_1600.png",0.928,"2024-01-19T10:29:50.574829Z"
4123,"1","Very Low","2024-01-19T10:29:51.887409Z",3588,"images/7c4bd7d9-2529_1600_0.png",1.093,"2024-01-19T10:29:51.887409Z"
4124,"1","Very Low","2024-01-19T10:29:53.176266Z",3589,"images/8aa6417c-2529_1600_800.png",1.05,"2024-01-19T10:29:53.176266Z"
4125,"1","Very Low","2024-01-19T10:29:55.074086Z",3590,"images/9b76d6bb-2529_1600_1600.png",1.67,"2024-01-19T10:29:55.074086Z"
4126,"1","Very Low","2024-01-19T10:29:56.558569Z",3591,"images/4aea81be-2024_0_0.png",1.261,"2024-01-19T10:29:56.558569Z"
4127,"1","Very Low","2024-01-19T10:29:58.230133Z",3592,"images/bc6d03e4-2024_0_800.png",1.438,"2024-01-19T10:29:58.230133Z"
4128,"1","Medium","2024-01-19T10:30:01.943696Z",3593,"images/a45ada75-2024_0_1600.png",3.493,"2024-01-19T10:30:01.943696Z"
4129,"1","Very Low","2024-01-19T10:30:03.203718Z",3594,"images/03b1c103-2024_800_0.png",1.028,"2024-01-19T10:30:03.203718Z"
4130,"1","Very Low","2024-01-19T10:30:04.488184Z",3595,"images/0a9dead3-2024_800_800.png",0.923,"2024-01-19T10:30:04.488184Z"
4131,"1","High","2024-01-19T10:30:06.384731Z",3596,"images/65c3ec4b-2024_800_1600.png",1.669,"2024-01-19T10:30:06.384731Z"
4132,"1","Very Low","2024-01-19T10:30:08.257474Z",3597,"images/e2847cc5-2024_1600_0.png",1.622,"2024-01-19T10:30:08.257474Z"
4133,"1","Low","2024-01-19T10:30:09.760636Z",3598,"images/b41808bd-2024_1600_800.png",1.263,"2024-01-19T10:30:09.760636Z"
4134,"1","Low","2024-01-19T10:30:11.400886Z",3599,"images/e3e1a9ca-2024_1600_1600.png",1.402,"2024-01-19T10:30:11.400886Z"
4135,"1","Medium","2024-01-19T10:30:13.544637Z",3600,"images/725cfd56-2100_0_0.png",1.903,"2024-01-19T10:30:13.544637Z"
4136,"1","Medium","2024-01-19T10:30:20.319882Z",3601,"images/db9b0248-2100_0_800.png",6.542,"2024-01-19T10:30:20.319882Z"
4137,"1","Medium","2024-01-19T10:30:23.208392Z",3602,"images/75d9bbf1-2100_0_1600.png",2.633,"2024-01-19T10:30:23.208392Z"
4138,"1","Low","2024-01-19T10:30:29.243181Z",3603,"images/574b81e3-2100_800_0.png",5.818,"2024-01-19T10:30:29.243181Z"
4139,"1","Low","2024-01-19T10:30:30.760017Z",3604,"images/436a0d42-2100_800_800.png",1.275,"2024-01-19T10:30:30.760017Z"
4140,"1","Low","2024-01-19T10:30:31.967415Z",3605,"images/22426774-2100_800_1600.png",0.99,"2024-01-19T10:30:31.967415Z"
4141,"1","Low","2024-01-19T10:30:33.440087Z",3606,"images/80929a55-2100_1600_0.png",1.241,"2024-01-19T10:30:33.440087Z"
4142,"1","Low","2024-01-19T10:30:34.601009Z",3607,"images/53390a8a-2100_1600_800.png",0.944,"2024-01-19T10:30:34.601009Z"
4143,"1","Very Low","2024-01-19T10:30:37.807451Z",3608,"images/aeb55c2c-2100_1600_1600.png",2.981,"2024-01-19T10:30:37.807451Z"
4144,"1","Very Low","2024-01-19T10:30:39.198572Z",3609,"images/3d392922-2132_0_0.png",1.162,"2024-01-19T10:30:39.198572Z"
4145,"1","Very Low","2024-01-19T10:30:40.418288Z",3610,"images/d676e65f-2132_0_800.png",0.997,"2024-01-19T10:30:40.418288Z"
4146,"1","Very Low","2024-01-19T10:30:41.688240Z",3611,"images/682e2058-2132_0_1600.png",1.044,"2024-01-19T10:30:41.688240Z"
4147,"1","Very Low","2024-01-19T10:30:42.846447Z",3612,"images/68d36946-2132_800_0.png",0.931,"2024-01-19T10:30:42.846447Z"
4148,"1","Very Low","2024-01-19T10:30:44.223191Z",3613,"images/df653610-2132_800_800.png",1.154,"2024-01-19T10:30:44.223191Z"
4149,"1","Very Low","2024-01-19T10:30:45.702537Z",3614,"images/447c7181-2132_800_1600.png",1.254,"2024-01-19T10:30:45.702537Z"
4150,"1","Very Low","2024-01-19T10:30:47.376462Z",3615,"images/f7885536-2132_1600_0.png",1.46,"2024-01-19T10:30:47.376462Z"
4151,"1","Low","2024-01-19T10:30:48.870057Z",3616,"images/e5a81947-2132_1600_800.png",1.267,"2024-01-19T10:30:48.870057Z"
4152,"1","Low","2024-01-19T10:30:50.327420Z",3617,"images/59bf2adc-2132_1600_1600.png",1.237,"2024-01-19T10:30:50.327420Z"
4153,"1","Medium","2024-01-19T10:30:52.630212Z",3618,"images/35a335b2-2473_0_0.png",2.093,"2024-01-19T10:30:52.630212Z"
4154,"1","Medium","2024-01-19T10:30:55.079544Z",3619,"images/45d1a07d-2473_0_800.png",2.222,"2024-01-19T10:30:55.079544Z"
4155,"1","Medium","2024-01-19T10:30:57.017071Z",3620,"images/eef70dc2-2473_0_1600.png",1.699,"2024-01-19T10:30:57.017071Z"
4156,"1","High","2024-01-19T10:30:59.908673Z",3621,"images/b65f919a-2473_800_0.png",2.66,"2024-01-19T10:30:59.908673Z"
4157,"1","Low","2024-01-19T10:31:02.758141Z",3622,"images/200a976d-2473_800_800.png",2.512,"2024-01-19T10:31:02.758141Z"
4158,"1","Medium","2024-01-19T10:31:05.231033Z",3623,"images/a0fd997f-2473_800_1600.png",2.253,"2024-01-19T10:31:05.231033Z"
4159,"1","Low","2024-01-19T10:31:08.594591Z",3624,"images/358f392b-2473_1600_0.png",3.121,"2024-01-19T10:31:08.594591Z"
4160,"1","High","2024-01-19T10:31:12.698381Z",3625,"images/63fcc14e-2473_1600_800.png",3.872,"2024-01-19T10:31:12.698381Z"
4161,"1","Very High","2024-01-19T10:31:15.128526Z",3626,"images/8ba43c9b-2473_1600_1600.png",2.197,"2024-01-19T10:31:15.128526Z"
4162,"1","Low","2024-01-19T10:31:17.527823Z",3627,"images/dc718c7f-2480_0_0.png",2.178,"2024-01-19T10:31:17.527823Z"
4163,"1","Very Low","2024-01-19T10:31:19.141974Z",3628,"images/64b927de-2480_0_800.png",1.391,"2024-01-19T10:31:19.141974Z"
4164,"1","Very Low","2024-01-19T10:31:20.357288Z",3629,"images/8a440e68-2480_0_1600.png",0.998,"2024-01-19T10:31:20.357288Z"
4165,"1","Low","2024-01-19T10:31:22.520918Z",3630,"images/fa84b2fe-2480_800_0.png",1.937,"2024-01-19T10:31:22.520918Z"
4166,"1","Very Low","2024-01-19T10:31:23.960734Z",3631,"images/1925c0d5-2480_800_800.png",1.211,"2024-01-19T10:31:23.960734Z"
4167,"1","Very Low","2024-01-19T10:31:25.240797Z",3632,"images/8b671cb1-2480_800_1600.png",1.014,"2024-01-19T10:31:25.240797Z"
4168,"1","Medium","2024-01-19T10:31:27.479859Z",3633,"images/31f88074-2480_1600_0.png",2.014,"2024-01-19T10:31:27.479859Z"
4169,"1","Very Low","2024-01-19T10:31:28.855036Z",3634,"images/23774a09-2480_1600_800.png",1.141,"2024-01-19T10:31:28.855036Z"
4170,"1","Very Low","2024-01-19T10:31:30.471047Z",3635,"images/aaee03f0-2480_1600_1600.png",1.392,"2024-01-19T10:31:30.471047Z"
4171,"1","Very High","2024-01-19T10:31:32.223365Z",3636,"images/e84d847c-2491_0_0.png",1.526,"2024-01-19T10:31:32.223365Z"
4172,"1","Very High","2024-01-19T10:31:33.336521Z",3637,"images/12060480-2491_0_800.png",0.88,"2024-01-19T10:31:33.336521Z"
4173,"1","Very High","2024-01-19T10:31:34.527363Z",3638,"images/a9348652-2491_0_1600.png",0.971,"2024-01-19T10:31:34.527363Z"
4174,"1","Very High","2024-01-19T10:31:35.648691Z",3639,"images/6366af49-2491_800_0.png",0.903,"2024-01-19T10:31:35.649687Z"
4175,"1","Very High","2024-01-19T10:31:36.777358Z",3640,"images/5c161bf1-2491_800_800.png",0.902,"2024-01-19T10:31:36.777358Z"
4176,"1","High","2024-01-19T10:31:38.928866Z",3641,"images/f92c3889-2491_800_1600.png",1.928,"2024-01-19T10:31:38.928866Z"
4177,"1","Very High","2024-01-19T10:31:40.961075Z",3642,"images/f1f4bcca-2491_1600_0.png",1.804,"2024-01-19T10:31:40.961075Z"
4178,"1","Medium","2024-01-19T10:31:42.861246Z",3643,"images/2b85959c-2491_1600_800.png",1.669,"2024-01-19T10:31:42.861246Z"
4179,"1","High","2024-01-19T10:31:47.047625Z",3644,"images/e3931ae5-2491_1600_1600.png",3.945,"2024-01-19T10:31:47.047625Z"
4180,"1","Very Low","2024-01-19T10:31:49.383862Z",3645,"images/1252fe57-2496_0_0.png",2.032,"2024-01-19T10:31:49.383862Z"
4181,"1","Medium","2024-01-19T10:31:51.487185Z",3646,"images/51c56de1-2496_0_800.png",1.873,"2024-01-19T10:31:51.487185Z"
4182,"1","Medium","2024-01-19T10:31:55.142842Z",3647,"images/9f980f1f-2496_0_1600.png",3.406,"2024-01-19T10:31:55.143838Z"
4183,"1","Very Low","2024-01-19T10:31:56.439460Z",3648,"images/c86a4b91-2496_800_0.png",1.082,"2024-01-19T10:31:56.439460Z"
4184,"1","Medium","2024-01-19T10:31:58.429705Z",3649,"images/03874a7c-2496_800_800.png",1.652,"2024-01-19T10:31:58.429705Z"
4185,"1","Very High","2024-01-19T10:32:00.483445Z",3650,"images/6b7d8c16-2496_800_1600.png",1.817,"2024-01-19T10:32:00.483445Z"
4186,"1","Very Low","2024-01-19T10:32:02.063525Z",3651,"images/671e6022-2496_1600_0.png",1.325,"2024-01-19T10:32:02.064521Z"
4187,"1","Low","2024-01-19T10:32:04.491899Z",3652,"images/f901e367-2496_1600_800.png",2.196,"2024-01-19T10:32:04.491899Z"
4188,"1","High","2024-01-19T10:32:06.345081Z",3653,"images/955b14b1-2496_1600_1600.png",1.631,"2024-01-19T10:32:06.345081Z"
4189,"1","Very Low","2024-01-19T10:32:07.935825Z",3654,"images/e3b3afee-2508_0_0.png",1.347,"2024-01-19T10:32:07.935825Z"
4190,"1","Medium","2024-01-19T10:32:13.873710Z",3655,"images/1559d812-2508_0_800.png",5.704,"2024-01-19T10:32:13.873710Z"
4191,"1","Very High","2024-01-19T10:32:15.982069Z",3656,"images/0ba4a26e-2508_0_1600.png",1.869,"2024-01-19T10:32:15.982069Z"
4192,"1","High","2024-01-19T10:32:18.670189Z",3657,"images/b770c912-2508_800_0.png",2.45,"2024-01-19T10:32:18.670189Z"
4193,"1","Very High","2024-01-19T10:32:20.223352Z",3658,"images/51b03ef4-2508_800_800.png",1.322,"2024-01-19T10:32:20.223352Z"
4194,"1","Very High","2024-01-19T10:32:21.510442Z",3659,"images/c0ef2972-2508_800_1600.png",1.054,"2024-01-19T10:32:21.510442Z"
4195,"1","Very High","2024-01-19T10:32:23.335523Z",3660,"images/40a940d5-2508_1600_0.png",1.601,"2024-01-19T10:32:23.335523Z"
4196,"1","High","2024-01-19T10:32:25.126297Z",3661,"images/22eb9f37-2508_1600_800.png",1.569,"2024-01-19T10:32:25.126297Z"
4197,"1","High","2024-01-19T10:32:28.270997Z",3662,"images/c66f826d-2508_1600_1600.png",2.779,"2024-01-19T10:32:28.270997Z"
4198,"1","Medium","2024-01-19T10:32:30.006635Z",3663,"images/e15b4d88-2517_0_0.png",1.508,"2024-01-19T10:32:30.006635Z"
4199,"1","High","2024-01-19T10:32:33.006200Z",3664,"images/64ea2e06-2517_0_800.png",2.652,"2024-01-19T10:32:33.007197Z"
4200,"1","Medium","2024-01-19T10:32:35.255020Z",3665,"images/564760fc-2517_0_1600.png",2.019,"2024-01-19T10:32:35.255020Z"
4201,"1","Medium","2024-01-19T10:32:37.142192Z",3666,"images/a438fdbe-2517_800_0.png",1.649,"2024-01-19T10:32:37.142192Z"
4202,"1","Very Low","2024-01-25T20:27:05.916016Z",3667,"images/e6d93def-1206_0_1600.png",10.501999999999999,"2024-01-26T20:56:13.336922Z"
4203,"1","Low","2024-01-25T20:27:09.645293Z",3668,"images/ec64f348-1206_800_0.png",3.481,"2024-01-25T20:27:09.646290Z"
4204,"1","High","2024-01-25T20:27:12.290979Z",3669,"images/8e11ce03-1206_800_800.png",2.425,"2024-01-25T20:27:12.290979Z"
4205,"1","Low","2024-01-25T20:27:14.916618Z",3670,"images/56bbe1ac-1206_800_1600.png",5.237,"2024-01-25T20:27:23.467177Z"
4206,"1","High","2024-01-25T20:27:27.805538Z",3671,"images/fe7d491e-1206_1600_0.png",2.881,"2024-01-25T20:27:27.805538Z"
4207,"1","Very Low","2024-01-25T20:27:30.077035Z",3672,"images/132ddded-1206_1600_800.png",2.049,"2024-01-25T20:27:30.077035Z"
4208,"1","Very Low","2024-01-25T20:27:31.756504Z",3673,"images/2ef67b5c-1206_1600_1600.png",1.454,"2024-01-25T20:27:31.756504Z"
4209,"1","Very Low","2024-01-25T20:27:33.316784Z",3674,"images/6e71002a-1086_0_0.png",1.341,"2024-01-25T20:27:33.316784Z"
4210,"1","Very Low","2024-01-25T20:27:37.155464Z",3675,"images/504f7317-1086_0_800.png",3.62,"2024-01-25T20:27:37.155464Z"
4211,"1","Very Low","2024-01-25T20:27:38.559399Z",3676,"images/8d57f029-1086_0_1600.png",1.168,"2024-01-25T20:27:38.560396Z"
4212,"1","Very Low","2024-01-25T20:27:39.745673Z",3677,"images/a55a715f-1086_800_0.png",0.967,"2024-01-25T20:27:39.745673Z"
4213,"1","Very Low","2024-01-25T20:27:41.009214Z",3678,"images/a28f7e1c-1086_800_800.png",1.054,"2024-01-25T20:27:41.009214Z"
4214,"1","Very Low","2024-01-25T20:27:42.052603Z",3679,"images/361cab6c-1086_800_1600.png",0.84,"2024-01-25T20:27:42.052603Z"
4215,"1","Very Low","2024-01-25T20:27:43.211785Z",3680,"images/824e1af6-1086_1600_0.png",0.929,"2024-01-25T20:27:43.211785Z"
4216,"1","Very Low","2024-01-25T20:27:44.373817Z",3681,"images/209b2573-1086_1600_800.png",0.926,"2024-01-25T20:27:44.373817Z"
4217,"1","Very Low","2024-01-25T20:27:46.134069Z",3682,"images/dd9ead0c-1086_1600_1600.png",1.532,"2024-01-25T20:27:46.134069Z"
4218,"1","Very Low","2024-01-25T20:27:47.442882Z",3683,"images/d4f3d7fb-1086_2400_0.png",1.078,"2024-01-25T20:27:47.442882Z"
4219,"1","Very Low","2024-01-25T20:27:48.749354Z",3684,"images/f03b739a-1086_2400_800.png",1.087,"2024-01-25T20:27:48.749354Z"
4220,"1","Very Low","2024-01-25T20:27:50.707732Z",3685,"images/3aeaa833-1086_2400_1600.png",1.745,"2024-01-25T20:27:50.707732Z"
4221,"1","Very Low","2024-01-25T20:27:52.396757Z",3686,"images/c1a5439c-1090_0_0.png",1.461,"2024-01-25T20:27:52.396757Z"
4222,"1","Medium","2024-01-25T20:27:54.235684Z",3687,"images/f1304399-1090_0_800.png",1.611,"2024-01-25T20:27:54.235684Z"
4223,"1","Very High","2024-01-25T20:27:56.074916Z",3688,"images/2bdd997c-1090_0_1600.png",1.624,"2024-01-25T20:27:56.074916Z"
4224,"1","Very Low","2024-01-25T20:27:57.715679Z",3689,"images/672fa14a-1090_800_0.png",1.416,"2024-01-25T20:27:57.715679Z"
4225,"1","High","2024-01-25T20:27:59.802941Z",3690,"images/64d592bc-1090_800_800.png",1.846,"2024-01-25T20:27:59.802941Z"
4226,"1","Very High","2024-01-25T20:28:01.595445Z",3691,"images/33d88d1e-1090_800_1600.png",1.549,"2024-01-25T20:28:01.595445Z"
4227,"1","Very Low","2024-01-25T20:28:03.605074Z",3692,"images/d6e12e35-1090_1600_0.png",1.781,"2024-01-25T20:28:03.605074Z"
4228,"1","Low","2024-01-25T20:28:05.587990Z",3693,"images/5174ea1b-1090_1600_800.png",1.653,"2024-01-25T20:28:05.587990Z"
4229,"1","Very High","2024-01-25T20:28:08.041045Z",3694,"images/02404df7-1090_1600_1600.png",2.228,"2024-01-25T20:28:08.041045Z"
4230,"1","Very Low","2024-01-25T20:28:09.910658Z",3695,"images/e79ab124-1090_2400_0.png",1.504,"2024-01-25T20:28:09.910658Z"
4231,"1","Very Low","2024-01-25T20:28:11.735936Z",3696,"images/31b7ea43-1090_2400_800.png",1.598,"2024-01-25T20:28:11.735936Z"
4232,"1","Low","2024-01-25T20:28:13.960690Z",3697,"images/cc67ec6f-1090_2400_1600.png",1.986,"2024-01-25T20:28:13.960690Z"
4233,"1","Very Low","2024-01-25T20:28:15.299219Z",3698,"images/a8ecd470-1164_0_0.png",1.112,"2024-01-25T20:28:15.299219Z"
4234,"1","Very Low","2024-01-25T20:28:18.402036Z",3699,"images/3abda263-1164_0_800.png",2.88,"2024-01-25T20:28:18.402036Z"
4235,"1","Low","2024-01-25T20:28:20.469791Z",3700,"images/cd9063b8-1164_0_1600.png",1.834,"2024-01-25T20:28:20.469791Z"
4236,"1","Medium","2024-01-25T20:28:26.026478Z",3701,"images/87e91bfd-1164_800_0.png",5.315,"2024-01-25T20:28:26.026478Z"
4237,"1","High","2024-01-25T20:28:28.866406Z",3702,"images/8dcb42c6-1164_800_800.png",2.612,"2024-01-25T20:28:28.866406Z"
4238,"1","High","2024-01-25T20:28:30.625393Z",3703,"images/87bb322f-1164_800_1600.png",1.52,"2024-01-25T20:28:30.625393Z"
4239,"1","High","2024-01-25T20:28:32.363968Z",3704,"images/d03a2b82-1164_1600_0.png",1.52,"2024-01-25T20:28:32.363968Z"
4240,"1","Very High","2024-01-25T20:28:34.148513Z",3705,"images/52adb411-1164_1600_800.png",1.547,"2024-01-25T20:28:34.148513Z"
4241,"1","Medium","2024-01-25T20:28:36.874244Z",3706,"images/bc855781-1164_1600_1600.png",2.499,"2024-01-25T20:28:36.874244Z"
4242,"1","Very Low","2024-01-25T20:28:38.394644Z",3707,"images/48533475-1165_0_0.png",1.295,"2024-01-25T20:28:38.394644Z"
4243,"1","Very Low","2024-01-25T20:28:39.633922Z",3708,"images/e1842971-1165_0_800.png",1.012,"2024-01-25T20:28:39.633922Z"
4244,"1","Very Low","2024-01-25T20:28:41.122639Z",3709,"images/0efad8f0-1165_0_1600.png",1.273,"2024-01-25T20:28:41.122639Z"
4245,"1","Very Low","2024-01-25T20:28:42.522885Z",3710,"images/e1e332f2-1165_800_0.png",1.166,"2024-01-25T20:28:42.522885Z"
4246,"1","Very Low","2024-01-25T20:28:43.899542Z",3711,"images/aa9e443b-1165_800_800.png",1.154,"2024-01-25T20:28:43.899542Z"
4247,"1","Very Low","2024-01-25T20:28:45.627394Z",3712,"images/b754786a-1165_800_1600.png",1.5,"2024-01-25T20:28:45.627394Z"
4248,"1","Very Low","2024-01-25T20:28:47.276551Z",3713,"images/d66bdf73-1165_1600_0.png",1.421,"2024-01-25T20:28:47.276551Z"
4249,"1","Very Low","2024-01-25T20:28:48.922378Z",3714,"images/6116934f-1165_1600_800.png",1.409,"2024-01-25T20:28:48.922378Z"
4250,"1","Very Low","2024-01-25T20:28:50.530543Z",3715,"images/2efd39ff-1165_1600_1600.png",1.38,"2024-01-25T20:28:50.530543Z"
4251,"1","Very Low","2024-01-25T20:28:51.796252Z",3716,"images/90676936-1169_0_0.png",1.046,"2024-01-25T20:28:51.796252Z"
4252,"1","Low","2024-01-25T20:28:53.692048Z",3717,"images/df25bd37-1169_0_800.png",1.659,"2024-01-25T20:28:53.692048Z"
4253,"1","Very High","2024-01-25T20:28:55.514023Z",3718,"images/8ba67f59-1169_0_1600.png",1.609,"2024-01-25T20:28:55.514023Z"
4254,"1","Very Low","2024-01-25T20:28:57.056315Z",3719,"images/442b1674-1169_800_0.png",1.174,"2024-01-25T20:28:57.056315Z"
4255,"1","Very Low","2024-01-25T20:28:58.540576Z",3720,"images/9f9fc6c8-1169_800_800.png",1.252,"2024-01-25T20:28:58.540576Z"
4256,"1","Low","2024-01-25T20:29:00.282720Z",3721,"images/7aa79f39-1169_800_1600.png",1.517,"2024-01-25T20:29:00.282720Z"
4257,"1","Very Low","2024-01-25T20:29:02.300216Z",3722,"images/5d91d8ef-1169_1600_0.png",1.801,"2024-01-25T20:29:02.300216Z"
4258,"1","Very Low","2024-01-25T20:29:03.612401Z",3723,"images/ad7f06a7-1169_1600_800.png",1.088,"2024-01-25T20:29:03.612401Z"
4259,"1","Very Low","2024-01-25T20:29:04.779837Z",3724,"images/b17a0449-1169_1600_1600.png",0.95,"2024-01-25T20:29:04.779837Z"
4260,"1","Very Low","2024-01-25T20:29:06.268607Z",3725,"images/f3f1b001-1181_0_0.png",1.257,"2024-01-25T20:29:06.268607Z"
4261,"1","High","2024-01-25T20:29:09.132317Z",3726,"images/ddbd9d5a-1181_0_800.png",2.521,"2024-01-25T20:29:09.132317Z"
4262,"1","Medium","2024-01-25T20:29:11.169374Z",3727,"images/6986b756-1181_0_1600.png",1.578,"2024-01-25T20:29:11.169374Z"
4263,"1","Very Low","2024-01-25T20:29:14.446436Z",3728,"images/52cc79e1-1181_800_0.png",3.058,"2024-01-25T20:29:14.446436Z"
4264,"1","Low","2024-01-25T20:29:17.369769Z",3729,"images/13ceb5ff-1181_800_800.png",2.693,"2024-01-25T20:29:17.369769Z"
4265,"1","High","2024-01-25T20:29:21.173667Z",3730,"images/ed164ee0-1181_800_1600.png",3.579,"2024-01-25T20:29:21.173667Z"
4266,"1","Very High","2024-01-25T20:29:23.172202Z",3731,"images/69bebcda-1181_1600_0.png",1.762,"2024-01-25T20:29:23.172202Z"
4267,"1","Very High","2024-01-25T20:29:24.396888Z",3732,"images/24b4a3e0-1181_1600_800.png",1.002,"2024-01-25T20:29:24.396888Z"
4268,"1","Very High","2024-01-25T20:29:26.469358Z",3733,"images/140bfe11-1181_1600_1600.png",1.829,"2024-01-25T20:29:26.469358Z"
4269,"1","Very Low","2024-01-25T20:29:28.397611Z",3734,"images/50212563-1205_0_0.png",1.697,"2024-01-25T20:29:28.397611Z"
4270,"1","Very Low","2024-01-25T20:29:29.580585Z",3735,"images/85fb5bfe-1205_0_800.png",0.952,"2024-01-25T20:29:29.580585Z"
4271,"1","Very Low","2024-01-25T20:29:30.808391Z",3736,"images/3a8a56da-1205_0_1600.png",1.006,"2024-01-25T20:29:30.808391Z"
4272,"1","Low","2024-01-25T20:29:32.828811Z",3737,"images/ae64f709-1205_800_0.png",1.791,"2024-01-25T20:29:32.828811Z"
4273,"1","Medium","2024-01-25T20:29:35.328984Z",3738,"images/8e93433f-1205_800_800.png",2.27,"2024-01-25T20:29:35.328984Z"
4274,"1","Medium","2024-01-25T20:29:36.979562Z",3739,"images/68cf8bfb-1205_800_1600.png",1.41,"2024-01-25T20:29:36.979562Z"
4275,"1","Very High","2024-01-25T20:29:38.816656Z",3740,"images/09f6516c-1205_1600_0.png",1.622,"2024-01-25T20:29:38.816656Z"
4276,"1","Very High","2024-01-25T20:29:40.286066Z",3741,"images/aaa21253-1205_1600_800.png",1.225,"2024-01-25T20:29:40.286066Z"
4277,"1","Medium","2024-01-25T20:29:43.379996Z",3742,"images/cf887cf0-1205_1600_1600.png",2.658,"2024-01-25T20:29:43.379996Z"
4278,"1","Low","2024-01-25T20:29:45.349734Z",3743,"images/cfe16439-1206_0_0.png",1.725,"2024-01-25T20:29:45.349734Z"
4279,"1","High","2024-01-25T20:29:50.423094Z",3744,"images/ab237551-1206_0_800.png",4.854,"2024-01-25T20:29:50.423094Z"
4280,"1","Low","2024-01-25T20:29:52.787838Z",3745,"images/a386cc8b-1482_800_2400.png",2.106,"2024-01-25T20:29:52.787838Z"
4281,"1","Low","2024-01-25T20:29:55.226904Z",3746,"images/6bc6dee3-1482_1600_0.png",2.197,"2024-01-25T20:29:55.226904Z"
4282,"1","Very Low","2024-01-25T20:29:57.219846Z",3747,"images/235a0e9d-1482_1600_800.png",1.76,"2024-01-25T20:29:57.219846Z"
4283,"1","Very Low","2024-01-25T20:29:58.484735Z",3748,"images/c1ee1782-1482_1600_1600.png",1.026,"2024-01-25T20:29:58.484735Z"
4284,"1","Low","2024-01-25T20:30:00.227810Z",3749,"images/5cd31d92-1482_1600_2400.png",1.506,"2024-01-25T20:30:00.227810Z"
4285,"1","Very Low","2024-01-25T20:30:01.483276Z",3750,"images/a52d035f-1482_2400_0.png",0.897,"2024-01-25T20:30:01.483276Z"
4286,"1","Very Low","2024-01-25T20:30:02.700299Z",3751,"images/48ea79fa-1482_2400_800.png",0.965,"2024-01-25T20:30:02.700299Z"
4287,"1","Very Low","2024-01-25T20:30:03.820832Z",3752,"images/64be6cca-1482_2400_1600.png",0.897,"2024-01-25T20:30:03.820832Z"
4288,"1","Very Low","2024-01-25T20:30:04.932251Z",3753,"images/f971472f-1482_2400_2400.png",0.881,"2024-01-25T20:30:04.932251Z"
4289,"1","Very Low","2024-01-25T20:30:06.806089Z",3754,"images/e3b41bb7-1445_0_0.png",1.638,"2024-01-25T20:30:06.806089Z"
4290,"1","Very Low","2024-01-25T20:30:08.052168Z",3755,"images/23d8e3a9-1445_0_800.png",0.998,"2024-01-25T20:30:08.052168Z"
4291,"1","Low","2024-01-25T20:30:09.761656Z",3756,"images/09ac6d83-1445_0_1600.png",1.437,"2024-01-25T20:30:09.761656Z"
4292,"1","High","2024-01-25T20:30:12.060943Z",3757,"images/78167cdf-1445_0_2400.png",2.071,"2024-01-25T20:30:12.060943Z"
4293,"1","Very Low","2024-01-25T20:30:13.900536Z",3758,"images/69497dcc-1445_800_0.png",1.604,"2024-01-25T20:30:13.900536Z"
4294,"1","Low","2024-01-25T20:30:15.897529Z",3759,"images/11a209ff-1445_800_800.png",1.765,"2024-01-25T20:30:15.897529Z"
4295,"1","Low","2024-01-25T20:30:17.452055Z",3760,"images/2a283378-1445_800_1600.png",1.34,"2024-01-25T20:30:17.452055Z"
4296,"1","Medium","2024-01-25T20:30:19.299919Z",3761,"images/803aa917-1445_800_2400.png",1.63,"2024-01-25T20:30:19.299919Z"
4297,"1","Very Low","2024-01-25T20:30:20.665126Z",3762,"images/4b1243a6-1445_1600_0.png",1.128,"2024-01-25T20:30:20.665126Z"
4298,"1","Very Low","2024-01-25T20:30:21.867493Z",3763,"images/0b13a7b4-1445_1600_800.png",0.984,"2024-01-25T20:30:21.867493Z"
4299,"1","Low","2024-01-25T20:30:24.890392Z",3764,"images/72476ea6-1445_1600_1600.png",2.645,"2024-01-25T20:30:24.890392Z"
4300,"1","Very High","2024-01-25T20:30:26.917428Z",3765,"images/452a7ede-1445_1600_2400.png",1.808,"2024-01-25T20:30:26.917428Z"
4301,"1","Very Low","2024-01-25T20:30:28.462370Z",3766,"images/69de83b7-1453_0_0.png",1.303,"2024-01-25T20:30:28.462370Z"
4302,"1","Low","2024-01-25T20:30:31.003055Z",3767,"images/f3fc6875-1453_0_800.png",2.299,"2024-01-25T20:30:31.003055Z"
4303,"1","Very High","2024-01-25T20:30:38.246365Z",3768,"images/9d65fa65-1453_0_1600.png",7.013,"2024-01-25T20:30:38.246365Z"
4304,"1","Very High","2024-01-25T20:30:39.840105Z",3769,"images/d41c2f43-1453_0_2400.png",1.355,"2024-01-25T20:30:39.840105Z"
4305,"1","Very Low","2024-01-25T20:30:42.123723Z",3770,"images/a8608561-1453_800_0.png",2.061,"2024-01-25T20:30:42.123723Z"
4306,"1","Low","2024-01-25T20:30:43.946230Z",3771,"images/cdcec766-1453_800_800.png",1.586,"2024-01-25T20:30:43.946230Z"
4307,"1","Very High","2024-01-25T20:30:45.610436Z",3772,"images/0dbfec3b-1453_800_1600.png",1.428,"2024-01-25T20:30:45.610436Z"
4308,"1","Very High","2024-01-25T20:30:46.810420Z",3773,"images/16be84b3-1453_800_2400.png",0.957,"2024-01-25T20:30:46.810420Z"
4309,"1","Very Low","2024-01-25T20:30:48.314786Z",3774,"images/9c418e62-1453_1600_0.png",1.271,"2024-01-25T20:30:48.314786Z"
4310,"1","Low","2024-01-25T20:30:51.212605Z",3775,"images/310e8aaf-1453_1600_800.png",2.651,"2024-01-25T20:30:51.212605Z"
4311,"1","High","2024-01-25T20:30:56.057154Z",3776,"images/98b03b85-1453_1600_1600.png",4.596,"2024-01-25T20:30:56.057154Z"
4312,"1","Very High","2024-01-25T20:30:57.565183Z",3777,"images/8d988e73-1453_1600_2400.png",1.277,"2024-01-25T20:30:57.565183Z"
4313,"1","Very Low","2024-01-25T20:30:59.172394Z",3778,"images/89da8ef0-1463_0_0.png",1.353,"2024-01-25T20:30:59.172394Z"
4314,"1","Very Low","2024-01-25T20:31:00.397207Z",3779,"images/50584bcb-1463_0_800.png",0.988,"2024-01-25T20:31:00.397207Z"
4315,"1","Low","2024-01-25T20:31:02.936609Z",3780,"images/da0e9004-1463_0_1600.png",2.297,"2024-01-25T20:31:02.936609Z"
4316,"1","Medium","2024-01-25T20:31:05.427812Z",3781,"images/0984a2ba-1463_0_2400.png",2.274,"2024-01-25T20:31:05.427812Z"
4317,"1","Low","2024-01-25T20:31:07.931937Z",3782,"images/11c37fbc-1463_800_0.png",2.262,"2024-01-25T20:31:07.931937Z"
4318,"1","Low","2024-01-25T20:31:09.666984Z",3783,"images/116fd3e3-1463_800_800.png",1.503,"2024-01-25T20:31:09.666984Z"
4319,"1","Low","2024-01-25T20:31:10.916651Z",3784,"images/a3c9ac4c-1463_800_1600.png",1.02,"2024-01-25T20:31:10.916651Z"
4320,"1","Medium","2024-01-25T20:31:14.597804Z",3785,"images/16ffa106-1463_800_2400.png",3.439,"2024-01-25T20:31:14.597804Z"
4321,"1","Very Low","2024-01-25T20:31:16.122660Z",3786,"images/2161dfc4-1463_1600_0.png",1.298,"2024-01-25T20:31:16.122660Z"
4322,"1","Low","2024-01-25T20:31:20.090198Z",3787,"images/ef5472b8-1463_1600_800.png",3.723,"2024-01-25T20:31:20.090198Z"
4323,"1","Very High","2024-01-25T20:31:23.636166Z",3788,"images/eba144b0-1463_1600_1600.png",3.18,"2024-01-25T20:31:23.637162Z"
4324,"1","Very High","2024-01-25T20:31:25.212497Z",3789,"images/04380a61-1463_1600_2400.png",1.329,"2024-01-25T20:31:25.212497Z"
4325,"1","High","2024-01-25T20:31:28.888251Z",3790,"images/0269be4d-1469_0_0.png",3.425,"2024-01-25T20:31:28.888251Z"
4326,"1","Low","2024-01-25T20:31:31.307046Z",3791,"images/b245d8e2-1469_0_800.png",2.19,"2024-01-25T20:31:31.307046Z"
4327,"1","Low","2024-01-25T20:31:32.845839Z",3792,"images/f5872413-1469_0_1600.png",1.307,"2024-01-25T20:31:32.845839Z"
4328,"1","High","2024-01-25T20:31:35.516165Z",3793,"images/1319bba7-1469_0_2400.png",2.434,"2024-01-25T20:31:35.516165Z"
4329,"1","High","2024-01-25T20:31:37.053840Z",3794,"images/a3bdb22d-1469_800_0.png",1.303,"2024-01-25T20:31:37.053840Z"
4330,"1","Very Low","2024-01-25T20:31:38.883066Z",3795,"images/9764aa65-1469_800_800.png",1.603,"2024-01-25T20:31:38.883066Z"
4331,"1","Medium","2024-01-25T20:31:42.339620Z",3796,"images/139a49bb-1469_800_1600.png",3.116,"2024-01-25T20:31:42.339620Z"
4332,"1","Very High","2024-01-25T20:31:44.028755Z",3797,"images/c1ffaace-1469_800_2400.png",1.451,"2024-01-25T20:31:44.029752Z"
4333,"1","Very Low","2024-01-25T20:31:49.958246Z",3798,"images/d0ef3f7b-1469_1600_0.png",5.698,"2024-01-25T20:31:49.958246Z"
4334,"1","Very Low","2024-01-25T20:31:51.340388Z",3799,"images/306adadc-1469_1600_800.png",1.136,"2024-01-25T20:31:51.340388Z"
4335,"1","Medium","2024-01-25T20:31:53.451535Z",3800,"images/626a842a-1469_1600_1600.png",1.875,"2024-01-25T20:31:53.451535Z"
4336,"1","High","2024-01-25T20:32:01.037680Z",3801,"images/ccd0d36f-1469_1600_2400.png",7.328,"2024-01-25T20:32:01.037680Z"
4337,"1","Very High","2024-01-25T20:32:02.843078Z",3802,"images/967e1183-1482_0_0.png",1.556,"2024-01-25T20:32:02.843078Z"
4338,"1","Low","2024-01-25T20:32:05.143817Z",3803,"images/3ce4dffa-1482_0_800.png",2.07,"2024-01-25T20:32:05.143817Z"
4339,"1","Very Low","2024-01-25T20:32:06.931566Z",3804,"images/20714765-1482_0_1600.png",1.557,"2024-01-25T20:32:06.931566Z"
4340,"1","Very Low","2024-01-25T20:32:08.259934Z",3805,"images/bbca7255-1482_0_2400.png",1.097,"2024-01-25T20:32:08.259934Z"
4341,"1","Low","2024-01-25T20:32:10.497791Z",3806,"images/cbb2c9e3-1482_800_0.png",1.971,"2024-01-25T20:32:10.497791Z"
4342,"1","Very Low","2024-01-25T20:32:11.882892Z",3807,"images/d39968f9-1482_800_800.png",1.156,"2024-01-25T20:32:11.882892Z"
4343,"1","Very Low","2024-01-25T20:32:13.418613Z",3808,"images/9c04e37c-1482_800_1600.png",3.9189999999999996,"2024-01-26T20:57:20.652185Z"
4345,"1","Very Low","2024-02-02T09:06:54.984393Z",3810,"images/0e2dec3e-3e3270f5-1213_0_800.png",5.546,"2024-02-02T09:06:54.984393Z"
4346,"1","Very Low","2024-02-02T09:06:57.117971Z",3811,"images/d55fc75d-6730b568-1213_0_0.png",1.87,"2024-02-02T09:06:57.117971Z"
4347,"1","Very Low","2024-02-02T09:06:58.568287Z",3812,"images/1784592a-6017330b-1213_800_800.png",1.238,"2024-02-02T09:06:58.568287Z"
4348,"1","Very Low","2024-02-02T09:07:01.847870Z",3813,"images/2ecfa899-d9e42d81-882_1600_800.png",3.039,"2024-02-02T09:07:01.847870Z"
4349,"1","High","2024-02-02T09:07:11.040775Z",3814,"images/463d45e4-f8be75a1-882_0_800.png",8.969,"2024-02-02T09:07:11.040775Z"
